idx,symbol,industry
0,MLGO,软件
1,IMTE,电子元件
3,VVPR,太阳能
4,TRSG,金属加工
6,PXSAW,石油与天然气
7,CAPS,建筑材料
8,XHLD,广播
9,BUJAW,壳公司
10,LXEO,生物技术
11,NIVFW,医疗设施
12,ABVE,包装食品
14,KDLY,医疗设施
16,GDHG,休闲
17,PRPH,诊断与研究
18,LOT,汽车制造
20,MOBBW,通信设备
21,DFLIW,电气设备与零件
25,ZOOZW,专业零售
26,PLRZ,生物技术
29,DOMH,生物技术
31,ONMDW,健康信息服务
32,TNXP,生物技术
34,MSAIW,软件
35,HOLOW,电子元件
36,SAIH,信息技术服务
37,NAK,工业金属与采矿
38,LUNR,航空航天与国防
39,BNAIW,软件
40,MSSAW,壳公司
41,GATE,壳公司
43,VIOT,家装
44,MRT,软件
45,HSPOW,壳公司
46,WALDW,家庭与个人用品
47,APCXW,软件
48,CYRX,综合货运与物流
49,AREC,炼焦煤
50,UPC,药品制造商
51,TOI,医疗设施
57,NLSPW,生物技术
58,FBGL,工程与建筑
59,ANNAW,石油与天然气
63,NRXPW,生物技术
64,MVSTW,汽车零部件
65,FATBW,餐厅
67,SUNE,太阳能
68,CDXS,生物技术
69,ABVEW,包装食品
70,XELB,服装制造
73,GRRRW,软件
75,CHCI,房地产
77,ACET,生物技术
78,BBAI,信息技术服务
79,ZCAR,租赁与租赁服务
81,WINT,生物技术
83,IINNW,医疗设备
84,ZYBT,药品制造商
86,HFFG,食品分销
87,APDN,诊断与研究
88,QUBT,计算机硬件
89,YSG,家庭与个人用品
90,CLSK,资本市场
91,GATEW,壳公司
92,MARA,资本市场
93,CASK,酒庄与酿酒厂
94,AIMAW,壳公司
99,VEEAW,信息技术服务
100,SAGT,软件
101,CYCUW,信息技术服务
103,IONQ,计算机硬件
104,AZEK,建筑产品与设备
105,TVGNW,生物技术
106,FGEN,生物技术
107,KUKE,娱乐
108,RAPT,生物技术
109,GATEU,壳公司
110,WIMI,广告代理
111,SHMDW,专业工业机械
112,BTDR,软件
113,MSPRZ,健康信息服务
114,AIMAU,壳公司
115,GOVXW,生物技术
116,ONDS,通信设备
117,BUJAU,壳公司
118,BKKT,软件
119,GTI,工业金属与采矿
120,CLPR,房地产投资信托
121,CLIK,个人服务
122,RR,专业工业机械
123,REKR,软件
124,TEM,健康信息服务
126,ATER,家装
127,BIRD,服装零售
128,CTOR,药品制造商
130,NXGL,医疗仪器与用品
131,STFS,广告代理
132,RVPHW,生物技术
133,VSAT,通信设备
134,NNAVW,软件
135,REVBW,生物技术
138,RAY,家庭与个人用品
139,ASTS,通信设备
141,DERM,药品制造商
143,OKLO,公用事业
144,JBDI,专业零售
145,SUGP,安全与保护服务
148,CIFRW,资本市场
149,KSS,百货商店
150,PRTS,汽车零部件
151,EDBLW,农产品
152,KDLYW,医疗设施
153,GNS,教育与培训服务
154,AEVA,软件
157,CORZW,软件
158,APLD,信息技术服务
159,GRO,工业金属与采矿
163,OUSTW,电子元件
164,MPTI,电子元件
166,ANNX,生物技术
167,KULR,电子元件
168,W,互联网零售
169,RGTIW,计算机硬件
171,LAKE,服装制造
172,COHR,科学与技术仪器
173,QSIAW,医疗设备
174,KOSS,消费电子
175,HPKEW,石油与天然气
176,IMNN,生物技术
177,MATH,资本市场
178,HYMCL,黄金
179,KRUS,餐厅
181,OPFI,信用服务
183,TSLA,汽车制造
184,BRTX,生物技术
185,AEVAW,软件
186,CVNA,汽车与卡车经销
188,AISP,软件
189,FIGS,服装制造
191,ZBIO,生物技术
192,RIME,消费电子
195,CAN,计算机硬件
196,MKFG,计算机硬件
198,SES,汽车零部件
199,RNXT,生物技术
200,NEUE,医疗计划
203,NB,工业金属与采矿
204,TLSIW,医疗设备
205,BNZI,软件
207,TMQ,工业金属与采矿
208,SERV,专业工业机械
209,CDIOW,生物技术
211,BOF,包装食品
213,ORGO,药品制造商
214,ZJK,专业工业机械
215,HOLO,电子元件
216,AMPGW,通信设备
217,ROOT,保险
218,ARBK,资本市场
219,GOGO,电信服务
221,ADSEW,电气设备与零件
224,IVCAW,壳公司
225,BODI,互联网内容与信息
226,LITE,通信设备
227,UP,机场与航空服务
228,ICON,海运
229,MSTR,软件
231,STRR,诊断与研究
232,RCAT,计算机硬件
234,CLSKW,资本市场
236,INOD,信息技术服务
238,ORKT,软件
241,NIVF,医疗设施
242,SHMD,专业工业机械
243,IFRX,生物技术
244,ZJYL,医疗仪器与用品
245,PCTTW,污染与处理控制
246,RCG,资产管理
248,PLTK,电子游戏与多媒体
249,TNYA,生物技术
250,ELWS,软件
251,AUROW,信息技术服务
252,OABIW,生物技术
253,GLTO,生物技术
254,DTCK,农产品
255,MOB,通信设备
257,SGBX,金属加工
258,TDUP,互联网零售
259,FFAIW,汽车制造
260,SLGL,生物技术
261,RIOT,资本市场
262,OTRK,健康信息服务
265,IHT,房地产投资信托
266,DAVEW,软件
267,SHOO,鞋类与配饰
268,CIFR,资本市场
271,NIU,汽车制造
274,ANAB,生物技术
275,BSIIW,壳公司
277,FFAI,汽车制造
278,APYX,医疗设备
282,CORZZ,软件
283,MVIS,科学与技术仪器
284,SYTA,通信设备
285,ARQQ,软件
286,PGY,软件
287,NFE,公用事业
288,CORZ,软件
289,LE,服装零售
290,MNTS,航空航天与国防
291,SMLR,医疗设备
293,SERA,医疗设备
294,KVACW,壳公司
295,CYN,软件
299,GFAIW,安全与保护服务
300,NNE,专业工业机械
301,TIL,生物技术
302,URBN,服装零售
303,AAOI,通信设备
304,CRDO,半导体
305,MATV,专业化学品
306,HOOD,资本市场
308,LFMD,健康信息服务
309,QXO,软件
312,RENEW,壳公司
313,BITF,资本市场
314,GRFX,工业金属与采矿
315,ATGL,软件
316,PMNT,服装制造
317,NPWR,专业工业机械
319,AMSC,专业工业机械
320,BTM,资本市场
323,LCFY,互联网内容与信息
324,TVGN,生物技术
325,BHVN,生物技术
326,DPRO,航空航天与国防
327,TKNO,药品制造商
328,FBYDW,企业集团
330,SOUNW,软件
331,SCWO,污染与处理控制
332,MTEKW,电子元件
333,HEPS,互联网零售
334,ZETA,软件
335,REAL,奢侈品
336,LSH,综合货运与物流
337,ETWO,软件
338,WULF,资本市场
339,ESOA,工程与建筑
340,PIII,医疗设施
341,SNCY,航空公司
342,BLMN,餐厅
343,ASST,互联网内容与信息
344,LEXXW,生物技术
345,GMHS,电子游戏与多媒体
346,GGROW,汽车制造
347,BLMZ,娱乐
349,CTRI,公用事业
350,ATAI,生物技术
351,ALLT,软件
352,GAP,服装零售
353,CTNM,生物技术
355,GRRR,软件
357,TSSI,信息技术服务
358,DOMO,软件
359,ALGS,生物技术
360,NBIS,互联网内容与信息
361,APP,软件
363,AVPTW,软件
364,HUT,资本市场
365,BNED,专业零售
366,AKA,服装零售
367,RILYL,金融集团
368,BHST,包装食品
369,CSLR,太阳能
370,AEON,生物技术
371,NXDT,房地产投资信托
372,BAOS,广告代理
373,BZFDW,互联网内容与信息
374,RDDT,互联网内容与信息
375,GIFT,互联网内容与信息
376,RNA,生物技术
378,MFI,软件
380,DSY,家庭与个人用品
381,MIST,生物技术
383,PSNL,诊断与研究
384,RGTI,计算机硬件
385,HIVE,资本市场
386,HURA,生物技术
387,QURE,生物技术
388,CMLS,广播
389,LZM,工业金属与采矿
390,CAVA,餐厅
391,RBRK,软件
392,GLNG,石油与天然气
393,FLUX,电气设备与零件
394,FIX,工程与建筑
395,PAYS,软件
396,BROS,餐厅
397,EVGOW,专业零售
398,CGTX,生物技术
399,HIMS,家庭与个人用品
401,SKIN,家庭与个人用品
402,CANG,汽车与卡车经销
404,SABSW,生物技术
405,SEPN,生物技术
406,AEI,房地产
409,IREN,资本市场
410,TREE,金融集团
412,CTOS,租赁与租赁服务
413,AWH,诊断与研究
414,GFR,石油与天然气
415,NINE,石油与天然气
416,GXAI,电子游戏与多媒体
417,KLTR,软件
418,ELA,奢侈品
421,ANGHW,娱乐
422,CADL,生物技术
423,LIND,旅行服务
425,ROAD,工程与建筑
428,CNTM,软件
429,IDR,黄金
430,BFRG,健康信息服务
431,RUMBW,互联网内容与信息
432,ETNB,生物技术
433,BPMC,生物技术
434,CNET,广告代理
436,DDD,计算机硬件
437,KRMN,航空航天与国防
438,PESI,废物管理
439,CBUS,生物技术
440,MTSR,生物技术
442,KOD,生物技术
443,HUBCZ,软件
446,BOOT,服装零售
448,DMN,汽车制造
449,SWIM,建筑产品与设备
450,SEZL,信用服务
451,FTRE,生物技术
452,OCG,互联网零售
453,AGX,工程与建筑
454,SBCWW,咨询服务
455,FTAI,租赁与租赁服务
456,UAL,航空公司
457,FEBO,消费电子
458,ANGH,娱乐
459,NCPL,资本市场
460,IPM,软件
461,FTCI,太阳能
463,HPAIW,软件
464,BTCS,资本市场
465,VTS,石油与天然气
466,BBWI,专业零售
467,ONMD,健康信息服务
468,OSCR,医疗计划
470,SKIL,教育与培训服务
471,CCB,银行
472,BBIO,生物技术
474,WRBY,医疗仪器与用品
475,RECT,专业零售
476,LVRO,农业投入品
477,QVCGA,互联网零售
478,AMD,半导体
479,COIN,金融数据与证券交易所
480,AEYE,软件
482,RMBL,汽车与卡车经销
484,LIQT,污染与处理控制
485,SGN,软件
487,GOVX,生物技术
488,BTBT,资本市场
489,FWRG,餐厅
490,SXTC,药品制造商
491,NXTC,生物技术
492,TTGT,信息技术服务
493,CCIRW,壳公司
494,DAVE,软件
495,IBTA,软件
496,EWCZ,家庭与个人用品
497,IROHW,壳公司
498,LMND,保险
499,ANGI,互联网内容与信息
500,KINS,保险
501,RKLB,航空航天与国防
502,TCX,软件
503,DUOL,软件
504,UEIC,消费电子
505,ACTU,生物技术
507,CAL,服装零售
508,PWM,资产管理
509,NEXN,广告代理
510,MOGU,互联网零售
513,ZIM,海运
514,MAG,白银
516,SOFI,信用服务
517,NN,软件
518,SATL,航空航天与国防
519,GSAT,电信服务
520,SIGA,药品制造商
522,NVX,电气设备与零件
523,ELVN,生物技术
524,SEG,房地产
526,BKSY,科学与技术仪器
527,POWL,电气设备与零件
528,TOIIW,医疗设施
529,MGRX,健康信息服务
530,LMFA,信用服务
531,PLAY,娱乐
532,HGBL,资本市场
533,RH,专业零售
534,MAZE,生物技术
535,EAT,餐厅
537,RFL,房地产
538,BFLY,医疗设备
539,QUIK,半导体
540,HQY,健康信息服务
541,OSUR,医疗仪器与用品
545,PLTR,软件
546,NXXT,公用事业
547,PVH,服装制造
549,UBCP,银行
550,CDT,生物技术
552,LNKS,电气设备与零件
553,SIDU,航空航天与国防
554,SEI,石油与天然气
555,NEON,电子元件
556,TZOO,广告代理
557,NTRP,旅行服务
558,JAKK,休闲
559,EXOD,软件
560,JRVR,保险
562,SPWH,专业零售
563,THAR,生物技术
564,MPWR,半导体
565,ZVIA,非酒精饮料
566,ACRS,诊断与研究
567,BURL,服装零售
568,SGHT,医疗设备
569,PROK,生物技术
570,CPRX,生物技术
571,SMTI,医疗仪器与用品
572,RCT,软件
573,CRS,金属加工
574,WYHG,包装食品
575,BJRI,餐厅
576,OCTO,包装与容器
577,NMRA,生物技术
578,MTZ,工程与建筑
579,ABCL,生物技术
580,UOKA,房地产
581,CYH,医疗设施
582,GHM,专业工业机械
583,HOV,住宅建筑
584,CTRN,服装零售
585,UPST,信用服务
586,BILL,软件
587,AMPX,电气设备与零件
588,EDIT,生物技术
590,ATNFW,生物技术
591,RVLV,互联网零售
592,KNF,建筑材料
593,EQ,生物技术
594,GRAL,诊断与研究
596,JILL,服装零售
597,CIEN,通信设备
598,ECXWW,汽车零部件
601,CROX,鞋类与配饰
602,GENI,互联网内容与信息
605,LAES,半导体
608,MPU,娱乐
609,DSGN,生物技术
611,JANX,生物技术
618,AIOT,软件
621,FKWL,通信设备
622,FLGC,药品制造商
623,TDC,软件
624,MTRX,工程与建筑
626,DDS,百货商店
627,CELH,非酒精饮料
628,DNA,生物技术
629,BTCT,计算机硬件
630,MMYT,旅行服务
633,IGMS,生物技术
634,LCTX,生物技术
636,LB,石油与天然气
637,ADVM,生物技术
638,XTIA,航空航天与国防
639,LTH,休闲
640,ZKH,互联网零售
641,UFPT,医疗设备
643,APWC,电气设备与零件
644,XMTR,专业工业机械
646,ZUMZ,服装零售
647,ILPT,房地产投资信托
649,CLDX,生物技术
650,NCI,服装制造
651,DECK,鞋类与配饰
652,STRL,工程与建筑
653,TBI,人力资源与就业服务
655,PTLE,专业零售
656,GIPR,房地产投资信托
658,VTSI,软件
660,CLRB,生物技术
661,BMBL,互联网内容与信息
662,ASPI,化学品
663,ZYXI,医疗分销
664,ONFO,互联网内容与信息
665,AERTW,咨询服务
666,ANVS,生物技术
669,VLCN,汽车制造
670,VFSWW,汽车制造
671,DH,健康信息服务
672,ACHV,生物技术
673,SKWD,保险
674,UAMY,工业金属与采矿
675,ARHS,专业零售
676,BLFS,医疗仪器与用品
677,IRWD,药品制造商
678,AUR,信息技术服务
679,CENT,包装食品
680,PAPL,抵押贷款金融
682,KMDA,药品制造商
683,LTBR,电气设备与零件
684,RMCF,糖果制造
685,TPL,石油与天然气
688,NIPG,娱乐
689,ATEC,医疗设备
690,SITM,半导体
691,XAIR,医疗设备
693,SEED,农业投入品
694,TRUE,互联网内容与信息
695,PYPD,生物技术
698,HROW,药品制造商
699,CNTA,生物技术
700,LIF,软件
701,KTOS,航空航天与国防
702,CARS,汽车与卡车经销
704,RGNX,生物技术
705,MTSI,半导体
706,IPGP,半导体设备与材料
708,PTLO,餐厅
709,BLD,工程与建筑
711,PL,航空航天与国防
712,SSTI,软件
713,SIG,奢侈品
714,SNES,专业化学品
716,BNTX,生物技术
717,MNTK,公用事业
718,HTOO,公用事业
720,SJT,石油与天然气
722,U,软件
723,AVAH,医疗设施
724,CGON,生物技术
725,UAVS,计算机硬件
726,ECG,工程与建筑
727,GAMB,博彩
728,NOTV,诊断与研究
729,LGCL,软件
730,ANL,生物技术
731,OCGN,生物技术
732,FAMI,包装食品
733,AGMH,计算机硬件
734,EE,石油与天然气
736,GCMGW,资产管理
737,DSP,软件
738,TTD,软件
739,INDI,半导体设备与材料
741,ASO,专业零售
742,WNW,互联网零售
743,WEYS,鞋类与配饰
744,IDAI,软件
745,TTI,石油与天然气
746,BIVI,生物技术
747,AXTI,半导体设备与材料
748,RL,服装制造
749,BCAB,生物技术
750,FORA,健康信息服务
751,HSON,人力资源与就业服务
752,TMCI,医疗设备
753,ZENV,软件
754,DOCS,健康信息服务
755,QTTB,生物技术
756,LINC,教育与培训服务
758,USIO,软件
760,M,百货商店
761,AFRM,软件
762,GIII,服装制造
763,ANET,计算机硬件
764,HRI,租赁与租赁服务
765,GRPN,互联网内容与信息
766,SHAK,餐厅
767,LESL,专业零售
768,VITL,农产品
769,SLNH,资本市场
770,FPAY,租赁与租赁服务
773,OPAL,公用事业
776,BBU,企业集团
777,RDNT,诊断与研究
778,RBBN,软件
779,CPRI,奢侈品
781,GKOS,医疗设备
783,NXPI,半导体
785,FDX,综合货运与物流
786,GFF,企业集团
792,OKYO,生物技术
793,RUSHB,汽车与卡车经销
796,MEG,废物管理
797,UIS,信息技术服务
798,TFIN,银行
800,PTON,休闲
801,IPSC,生物技术
802,CART,互联网零售
803,IBRX,生物技术
805,UI,通信设备
807,DKS,专业零售
808,AL,租赁与租赁服务
809,SITE,工业分销
810,CDTX,生物技术
812,NOTE,信息技术服务
813,BLBD,农用与重型建筑机械
814,WPRT,汽车零部件
816,BMR,软件
817,PHAT,生物技术
818,DOUG,房地产
819,LC,银行
820,SMSI,软件
822,RAPP,生物技术
823,CAKE,餐厅
825,PUMP,石油与天然气
826,SAIA,卡车运输
827,GCLWW,电子游戏与多媒体
830,RGLS,生物技术
831,THC,医疗设施
832,RIVN,汽车制造
834,NXE,铀
835,SXTP,生物技术
836,ATXG,综合货运与物流
837,XOS,农用与重型建筑机械
838,AGYS,软件
839,AN,汽车与卡车经销
840,ADAG,生物技术
841,CWH,汽车与卡车经销
843,CRON,药品制造商
845,PROP,石油与天然气
846,WVE,生物技术
848,APCX,软件
849,PINS,互联网内容与信息
850,ASTI,太阳能
853,JXG,服装制造
854,RPD,软件
856,TLRY,药品制造商
857,SYM,专业工业机械
858,PAYO,软件
859,STEP,资产管理
862,AEO,服装零售
864,NVVEW,专业零售
865,CIO,房地产投资信托
866,EFSH,企业集团
867,PBPB,餐厅
868,EVTV,汽车制造
870,AAON,建筑产品与设备
871,VTLE,石油与天然气
872,REVB,生物技术
873,OSIS,电子元件
874,BELFB,电子元件
875,VRAX,生物技术
876,NVST,医疗仪器与用品
877,SKYW,航空公司
878,PHLT,健康信息服务
881,OPAD,房地产
882,DDOG,软件
883,COHU,半导体设备与材料
884,SRG,房地产
885,MXL,半导体
886,IRBT,家装
887,TDOC,健康信息服务
888,SHOP,软件
889,OMF,信用服务
890,ARM,半导体
891,DRMA,生物技术
892,SAIL,软件
894,ORIC,生物技术
895,EVR,资本市场
896,IMMR,软件
897,PRCT,医疗设备
898,SEMR,软件
899,FN,电子元件
901,RAIL,铁路
903,MBLY,汽车零部件
904,UNFI,食品分销
905,SKT,房地产投资信托
906,MOD,汽车零部件
907,WWW,鞋类与配饰
908,BFRI,药品制造商
909,TARS,生物技术
910,TWST,诊断与研究
911,IOT,软件
912,TERN,生物技术
913,CG,资产管理
914,SG,餐厅
915,BIRK,鞋类与配饰
916,SMID,建筑材料
917,SANA,生物技术
919,SMMT,生物技术
920,TV,电信服务
921,VERB,软件
923,CVLT,软件
924,BXC,工业分销
925,NVRI,废物管理
926,CIVI,石油与天然气
927,CTSO,医疗设备
928,PWP,资本市场
929,ARWR,生物技术
930,BWXT,航空航天与国防
931,JEF,资本市场
932,CBAT,电气设备与零件
933,VMI,企业集团
935,CCCC,生物技术
936,WTTR,石油与天然气
937,JELD,建筑产品与设备
939,KKR,资产管理
941,ASRT,药品制造商
943,AZZ,专业商业服务
944,GNRC,专业工业机械
945,SYRE,生物技术
946,TDW,石油与天然气
947,ATRA,生物技术
949,HUYA,娱乐
950,PSNY,汽车制造
952,OC,建筑产品与设备
953,ACRV,生物技术
954,ODD,软件
956,SKYX,电气设备与零件
957,LFWD,医疗设备
958,CMC,钢铁
960,UMAC,壳公司
961,ENVA,信用服务
962,PCT,污染与处理控制
963,ENVX,电气设备与零件
964,ATRC,医疗仪器与用品
965,MRNA,生物技术
968,MREO,生物技术
969,LUCK,休闲
970,MNY,互联网内容与信息
971,CUE,生物技术
972,TIRX,保险
973,RCL,旅行服务
975,JAGX,生物技术
976,IPI,农业投入品
977,KZR,生物技术
979,TEX,农用与重型建筑机械
980,CERO,生物技术
981,CCSI,软件
982,OSW,休闲
983,ACVA,汽车与卡车经销
984,ROST,服装零售
985,KPLT,软件
986,MRSN,生物技术
987,QTWO,软件
988,SOUN,软件
989,SHIM,工程与建筑
990,JZ,信息技术服务
992,AISPW,软件
993,CRMT,汽车与卡车经销
994,BANC,银行
995,ABP,生物技术
996,ACLX,生物技术
997,ATGE,教育与培训服务
999,EYE,专业零售
1001,OVID,生物技术
1004,ATLC,信用服务
1005,DAL,航空公司
1006,GRND,软件
1007,SCSC,电子与计算机分销
1008,CGC,药品制造商
1009,LSCC,半导体
1010,EZPW,信用服务
1011,MTUS,钢铁
1012,NTGR,通信设备
1014,BTOG,金融数据与证券交易所
1015,LAD,汽车与卡车经销
1016,BTTR,包装食品
1017,ONON,鞋类与配饰
1018,TPG,资产管理
1020,DLTR,折扣商店
1021,WRLD,信用服务
1022,EME,工程与建筑
1023,ERII,污染与处理控制
1024,AIT,工业分销
1025,GPI,汽车与卡车经销
1026,LVWR,汽车制造
1027,EXP,建筑材料
1028,LOVE,家装
1029,ULTA,专业零售
1030,SKYE,生物技术
1031,BCO,安全与保护服务
1032,NEXT,石油与天然气
1033,ECPG,信用服务
1034,AVT,电子与计算机分销
1035,JBLU,航空公司
1036,ESQ,银行
1037,NDRA,诊断与研究
1038,NUE,钢铁
1039,GFAI,安全与保护服务
1040,PLX,生物技术
1042,NPO,专业工业机械
1043,BIP,公用事业
1044,CRNX,生物技术
1045,OWL,资产管理
1046,DTSS,软件
1047,PRT,石油与天然气
1049,OPRT,信用服务
1050,VTVT,生物技术
1051,DASH,互联网内容与信息
1052,DFH,住宅建筑
1053,OM,医疗设备
1054,HOUS,房地产
1055,XGN,诊断与研究
1056,ARMN,黄金
1060,THM,黄金
1061,LLYVA,娱乐
1063,VSEC,航空航天与国防
1064,S,软件
1065,SDGR,健康信息服务
1066,RUSHA,汽车与卡车经销
1069,TRUP,保险
1070,AMWL,健康信息服务
1071,RNG,软件
1072,ENSC,生物技术
1073,NWL,家庭与个人用品
1074,ON,半导体
1076,SCPH,生物技术
1078,FLL,度假村与赌场
1079,DRI,餐厅
1080,ZTEK,医疗仪器与用品
1081,QBTS,计算机硬件
1082,NL,安全与保护服务
1083,VTGN,生物技术
1084,AX,银行
1087,SPRY,生物技术
1088,IBP,住宅建筑
1090,OPRX,健康信息服务
1091,LZB,家装
1093,CARG,汽车与卡车经销
1094,BIAF,诊断与研究
1095,RBOT,医疗设备
1096,UHS,医疗设施
1097,LEG,家装
1098,TREX,建筑产品与设备
1099,TITN,工业分销
1100,HSII,人力资源与就业服务
1101,ZBAO,保险
1102,AYI,电气设备与零件
1103,SHYF,农用与重型建筑机械
1104,VPG,科学与技术仪器
1105,BCAX,生物技术
1106,VCTR,资产管理
1107,LPLA,资本市场
1109,DAKT,电子元件
1110,LSAK,软件
1111,VCYT,诊断与研究
1112,IIPR,房地产投资信托
1114,CRI,服装零售
1115,FUFU,资本市场
1116,TCI,房地产
1117,AROW,银行
1118,FHTX,生物技术
1120,MCHP,半导体
1121,CAAS,汽车零部件
1122,WAFD,银行
1123,IOBT,生物技术
1124,GCT,软件
1126,JCTC,木材与木制品生产
1127,LBTYB,电信服务
1129,DAN,汽车零部件
1130,MNDY,软件
1132,POWW,航空航天与国防
1133,BLDR,建筑产品与设备
1134,DTM,石油与天然气
1135,TROO,软件
1136,SMR,专业工业机械
1137,MHK,家装
1138,WT,资产管理
1139,ATRO,航空航天与国防
1141,VERV,生物技术
1142,CALX,软件
1144,ALT,生物技术
1145,ATI,金属加工
1146,EBON,计算机硬件
1147,TGT,折扣商店
1148,MTH,住宅建筑
1149,INFU,医疗仪器与用品
1150,GOOS,服装制造
1152,BOW,保险
1153,PRME,生物技术
1154,CE,化学品
1155,BRBR,包装食品
1156,ARES,资产管理
1157,MTW,农用与重型建筑机械
1160,DEI,房地产投资信托
1161,BZH,住宅建筑
1162,ROCK,建筑产品与设备
1163,WSM,专业零售
1171,VZLA,工业金属与采矿
1172,TE,电气设备与零件
1173,WAY,健康信息服务
1175,MANH,软件
1176,BLNK,工程与建筑
1177,BRFH,非酒精饮料
1178,RCEL,医疗设备
1179,THRM,汽车零部件
1180,LNC,保险
1182,ETON,药品制造商
1183,TRNS,工业分销
1184,TAYD,专业工业机械
1185,LASE,专业工业机械
1186,CPS,汽车零部件
1187,HWM,航空航天与国防
1188,ODVWZ,黄金
1189,FXNC,银行
1190,AAMI,资产管理
1191,AHCO,医疗设备
1192,GUTS,生物技术
1193,FORM,半导体设备与材料
1195,SAM,啤酒饮料
1196,TER,半导体设备与材料
1197,SPSC,软件
1198,SF,资本市场
1199,RICK,餐厅
1202,BHB,银行
1203,TNET,人力资源与就业服务
1204,HYMC,黄金
1205,COFS,银行
1206,WAL,银行
1207,DOOO,休闲车辆
1208,LPCN,生物技术
1210,UFPI,木材与木制品生产
1211,MI,互联网零售
1212,ALLY,信用服务
1213,NET,软件
1214,BWMX,专业零售
1215,CTGO,黄金
1217,ONTO,半导体设备与材料
1218,BCML,银行
1219,COUR,教育与培训服务
1220,PONY,信息技术服务
1221,ARCB,卡车运输
1222,GMS,建筑产品与设备
1223,THR,专业工业机械
1224,NGVC,杂货店
1226,FLNT,广告代理
1227,MHO,住宅建筑
1228,EXPI,房地产
1229,FIVE,专业零售
1230,SLDB,生物技术
1232,ESTA,医疗设备
1233,AMWD,家装
1235,ZCMD,健康信息服务
1236,KRYS,生物技术
1237,CR,专业工业机械
1239,VIR,生物技术
1240,TBBK,银行
1241,USLM,建筑材料
1243,DGXX,公用事业
1244,SAH,汽车与卡车经销
1245,HGV,度假村与赌场
1247,KMT,工具与配件
1248,ADI,半导体
1249,FGFPP,保险
1250,JACK,餐厅
1251,UONE,广播
1252,PBM,生物技术
1254,FLOC,石油与天然气
1255,ADT,安全与保护服务
1256,BAM,资产管理
1258,HIPO,保险
1259,AAL,航空公司
1260,NYC,房地产
1261,AI,软件
1263,VFC,服装制造
1264,LEU,铀
1265,LWLG,专业化学品
1266,COLB,银行
1267,BCC,建筑材料
1268,JLL,房地产
1271,TOL,住宅建筑
1272,TRGP,石油与天然气
1273,APEI,教育与培训服务
1274,SFIX,服装零售
1275,LULU,服装零售
1276,DJCO,软件
1278,SPCB,安全与保护服务
1280,CVAC,生物技术
1281,DNOW,工业分销
1282,ALTS,软件
1290,RMBS,半导体
1298,ARW,电子与计算机分销
1307,DJT,互联网内容与信息
1310,HWC,银行
1311,TOPS,石油与天然气
1319,SMBK,银行
1320,ALKT,软件
1322,SBH,专业零售
1346,APPS,软件
1347,FUN,休闲
1348,INSP,医疗设备
1349,INZY,生物技术
1355,PEGA,软件
1356,CRH,建筑材料
1357,SYPR,汽车零部件
1364,ULCC,航空公司
1369,ZNTL,生物技术
1370,MRBK,银行
1371,PNRG,石油与天然气
1372,FHB,银行
1373,PEBK,银行
1374,PACS,医疗设施
1376,TXN,半导体
1386,EWBC,银行
1394,QNST,广告代理
1400,AIRS,医疗设施
1401,HD,家居改善零售
1402,BDC,通信设备
1403,STRW,房地产投资信托
1404,XPO,卡车运输
1405,DIOD,半导体
1406,PLXS,电子元件
1407,NVEE,工程与建筑
1408,LQDT,互联网零售
1409,ITT,专业工业机械
1421,DMRC,信息技术服务
1422,KYMR,生物技术
1423,TPR,奢侈品
1424,NVMI,半导体设备与材料
1436,GMGI,电子游戏与多媒体
1437,VSTA,教育与培训服务
1438,RS,钢铁
1444,BANR,银行
1446,SGC,服装制造
1448,INBK,银行
1449,PLPC,电气设备与零件
1450,IVZ,资产管理
1452,AMR,炼焦煤
1453,GOLF,休闲
1454,SGMT,生物技术
1459,ERO,铜业
1460,MWA,专业工业机械
1461,VLY,银行
1466,HOVR,航空航天与国防
1467,ABG,汽车与卡车经销
1468,HLNE,资产管理
1475,TGLS,建筑材料
1481,IBOC,银行
1482,EVCM,软件
1483,RSI,博彩
1489,PSFE,软件
1491,DRTS,生物技术
1492,ALDFW,壳公司
1493,MC,资本市场
1494,COF,信用服务
1495,AVNT,专业化学品
1496,MS,资本市场
1497,PRAA,信用服务
1498,TBNK,银行
1506,ANTX,生物技术
1508,EVO,药品制造商
1509,STRS,房地产
1511,CTS,电子元件
1515,DY,工程与建筑
1522,AROC,石油与天然气
1528,LYTS,电子元件
1529,RGA,保险
1530,DHX,软件
1544,WRAP,科学与技术仪器
1545,GOCO,保险
1546,IDT,电信服务
1547,VVR,资产管理
1548,CLBT,软件
1549,PLAB,半导体设备与材料
1550,FCX,铜业
1551,ANNA,石油与天然气
1553,MRVL,半导体
1555,Z,互联网内容与信息
1556,LNKB,银行
1557,LFUS,电子元件
1558,CW,航空航天与国防
1559,GMED,医疗设备
1560,CADE,银行
1561,COGT,生物技术
1562,IMCC,药品制造商
1565,CWK,房地产
1567,ADSE,电气设备与零件
1573,ZVSA,生物技术
1574,FTK,石油与天然气
1579,IAC,互联网内容与信息
1580,GM,汽车制造
1581,SYF,信用服务
1582,NKTX,生物技术
1583,ABOS,生物技术
1585,BMRC,银行
1586,SKY,住宅建筑
1587,STTK,生物技术
1588,PJT,资本市场
1593,JXN,保险
1600,WIT,信息技术服务
1602,INDB,银行
1603,ONEW,专业零售
1604,TSAT,通信设备
1622,EBTC,银行
1625,FIZZ,非酒精饮料
1626,DXPE,工业分销
1628,NOV,石油与天然气
1639,ISRG,医疗仪器与用品
1640,BSRR,银行
1647,CPAY,软件
1648,LGND,生物技术
1649,STLD,钢铁
1651,ASTH,医疗设施
1652,GNPX,生物技术
1653,ACMR,半导体设备与材料
1659,RYTM,生物技术
1668,CON,医疗设施
1669,RSKD,软件
1670,EXAS,诊断与研究
1671,SFBS,银行
1672,MIGI,资本市场
1674,DFS,信用服务
1675,LYV,娱乐
1676,UNB,银行
1677,NBN,银行
1683,HXL,航空航天与国防
1684,PGC,银行
1687,MCW,汽车与卡车经销
1688,SBC,咨询服务
1708,SANM,电子元件
1710,CGEN,生物技术
1711,MGM,度假村与赌场
1377,ILAG,建筑产品与设备
1399,SKX,鞋类与配饰
1433,CHEF,食品分销
1469,LLYVK,娱乐
1471,WCC,工业分销
1479,SKYT,半导体
1485,FTFT,软件
1492,FRHC,金融集团
1494,PVBC,银行
1504,VALN,生物技术
1508,ZG,互联网内容与信息
1536,AWI,建筑产品与设备
1543,AVBP,生物技术
1573,GNE,公用事业
1627,FBIZ,银行
1629,SOPH,健康信息服务
1630,ALAR,软件
1631,MRP,房地产投资信托
1636,PAG,汽车与卡车经销
1637,NX,建筑产品与设备
1638,TPC,工程与建筑
1640,MSM,工业分销
1642,ESAB,金属加工
1643,JBTM,专业工业机械
1644,HUBB,电气设备与零件
1645,PKG,包装与容器
1646,FWONA,娱乐
1647,VIK,旅行服务
1648,PH,专业工业机械
1649,NBIX,药品制造商
1651,SNV,银行
1653,GHC,教育与培训服务
1654,HCC,炼焦煤
1655,NISN,专业商业服务
1656,STGW,广告代理
1658,CXDO,电信服务
1659,RHI,人力资源与就业服务
1660,CAPR,生物技术
1661,DOV,专业工业机械
1662,JBL,电子元件
1663,MSB,钢铁
1665,BH,餐厅
1666,LLY,药品制造商
1671,REZI,工业分销
1673,JMIA,互联网零售
1674,MRUS,生物技术
1677,VICR,电子元件
1678,EQBK,银行
1679,AGIO,生物技术
1680,RVMD,生物技术
1681,MESO,生物技术
1686,UTI,教育与培训服务
1687,INGM,信息技术服务
1688,LBRT,石油与天然气
1689,VNET,信息技术服务
1691,WBX,电子元件
1692,STKS,餐厅
1693,ELF,家庭与个人用品
1694,TEAM,软件
1695,TRMK,银行
1696,VSTS,租赁与租赁服务
1697,ICCM,医疗设备
1698,YMAB,生物技术
1706,MCFT,休闲车辆
1707,CAE,航空航天与国防
1708,FARM,包装食品
1710,HLIO,专业工业机械
1712,TPH,住宅建筑
1713,BN,资产管理
1714,VNOM,石油与天然气
1716,PRSU,专业商业服务
1717,BRDG,资产管理
1720,BOKF,银行
1722,PRIM,工程与建筑
1723,MOGO,软件
1724,AMP,资产管理
1726,PPC,包装食品
1727,NVDA,半导体
1729,CBRE,房地产
1731,GEO,安全与保护服务
1732,YSXT,专业商业服务
1733,WOR,金属加工
1734,OOMA,软件
1735,WFRD,石油与天然气
1736,XENE,生物技术
1737,GBCI,银行
1738,MRNO,房地产
1740,MYPS,电子游戏与多媒体
1742,PDYN,软件
1743,MAMA,包装食品
1744,DJTWW,互联网内容与信息
1746,WSO,工业分销
1748,NTAP,计算机硬件
1749,SPNT,保险
1750,KMX,汽车与卡车经销
1751,FFIN,银行
1753,JZXN,汽车与卡车经销
1754,CBL,房地产投资信托
1755,SGI,家装
1756,XPEL,汽车零部件
1757,ADPT,生物技术
1759,RELY,软件
1762,LMAT,医疗仪器与用品
1763,CBLL,医疗设备
1764,MMA,休闲
1765,MHLD,保险
1766,PBI,综合货运与物流
1767,GWRE,软件
1768,COSM,医疗分销
1769,CMTL,通信设备
1770,RM,信用服务
1773,EXFY,软件
1774,LIXT,生物技术
1775,SOC,石油与天然气
1776,ASB,银行
1777,ASTE,农用与重型建筑机械
1778,NYAX,软件
1779,SWK,工具与配件
1780,CVEO,住宿
1781,CBAN,银行
1782,EVEX,航空航天与国防
1783,SAIC,信息技术服务
1784,EHTH,保险
1793,BKU,银行
1796,IVT,房地产投资信托
1797,FARO,科学与技术仪器
1798,OSK,农用与重型建筑机械
1799,ZIP,人力资源与就业服务
1800,PKOH,专业工业机械
1801,PHM,住宅建筑
1803,BEAM,生物技术
1804,MCB,银行
1806,FOXF,汽车零部件
1807,MBX,生物技术
1808,TMHC,住宅建筑
1809,BRKL,银行
1814,GHRS,生物技术
1815,NEO,诊断与研究
1820,VTYX,生物技术
1822,KALV,生物技术
1823,VNO,房地产投资信托
1825,ARCT,生物技术
1827,RRX,专业工业机械
1828,STBX,互联网内容与信息
1829,CCNE,银行
1830,OII,石油与天然气
1831,ULH,卡车运输
1832,BHE,电子元件
1833,CFLT,软件
1835,SMHI,海运
1836,MFC,保险
1837,AAP,专业零售
1839,PACK,包装与容器
1841,VVX,航空航天与国防
1842,SRPT,生物技术
1843,TT,建筑产品与设备
1844,URI,租赁与租赁服务
1845,WHD,石油与天然气
1846,KLAC,半导体设备与材料
1847,LINE,房地产投资信托
1850,TJX,服装零售
1851,FLYE,汽车制造
1852,MVBF,银行
1854,OMI,医疗分销
1855,AIR,航空航天与国防
1856,SRAD,软件
1857,WINA,专业零售
1858,GCTS,半导体
1859,CUK,旅行服务
1860,YELP,互联网内容与信息
1862,CLPT,医疗设备
1863,QMCO,计算机硬件
1864,GE,航空航天与国防
1865,ABSI,生物技术
1867,NOVT,科学与技术仪器
1868,DNB,金融数据与证券交易所
1870,LNG,石油与天然气
1871,COOP,抵押贷款金融
1872,SDRL,石油与天然气
1873,MNMD,生物技术
1874,CNO,保险
1875,OKE,石油与天然气
1877,NTES,电子游戏与多媒体
1343,LOTWW,汽车制造
1465,AMZE,酒庄与酿酒厂
1488,TBRG,健康信息服务
1491,VRT,电气设备与零件
1533,SWIN,资本市场
1534,GTLS,专业工业机械
1538,DBI,鞋类与配饰
1543,BFH,信用服务
1547,SN,家装
1556,GCO,服装零售
1559,ESTC,软件
1564,CALM,农产品
1565,BBUC,资产管理
1580,CLS,电子元件
1583,COHN,资本市场
1585,SIFY,电信服务
1587,BW,专业工业机械
1588,PHUN,软件
1589,NSIT,电子与计算机分销
1590,BBW,专业零售
1591,APH,电子元件
1593,STRRP,诊断与研究
1594,BRNS,生物技术
1596,TWIN,专业工业机械
1599,WRD,软件
1611,MTCH,互联网内容与信息
1612,KODK,专业商业服务
1615,IBKR,资本市场
1619,PNTG,医疗设施
1620,NRDY,软件
1627,KGS,石油与天然气
1628,GALT,生物技术
1629,SPXC,建筑产品与设备
1630,ALAB,半导体
1631,ISSC,航空航天与国防
1632,ROKU,娱乐
1634,TBBB,折扣商店
1638,DCGO,医疗设施
1641,BGC,资本市场
1647,VHI,化学品
1650,SWVL,软件
1652,MKSI,科学与技术仪器
1653,CAMT,半导体设备与材料
1654,SM,石油与天然气
1655,PAR,软件
1656,XPRO,石油与天然气
1657,FISI,银行
1658,CXM,软件
1660,ALLO,生物技术
1663,PATH,软件
1670,FSS,污染与处理控制
1671,THCH,餐厅
1673,PIPR,资本市场
1676,RGEN,医疗仪器与用品
1677,TPIC,专业工业机械
1682,VCEL,生物技术
1683,IIIN,金属加工
1684,FA,专业商业服务
1685,MOV,奢侈品
1687,WWD,航空航天与国防
1688,BYRN,航空航天与国防
1690,FWONK,娱乐
1691,PNFP,银行
1693,SLDP,汽车零部件
1694,BMRA,医疗设备
1695,TIC,工程与建筑
1696,MLR,汽车零部件
1699,MRIN,软件
1700,WKSP,汽车零部件
1701,COMM,通信设备
1702,LQDA,生物技术
1703,LDWY,广告代理
1704,HBCP,银行
1707,RCKT,生物技术
1709,HKIT,软件
1710,IVA,生物技术
1711,GRBK,住宅建筑
1712,CCRD,软件
1713,BTSG,健康信息服务
1716,OPRA,互联网内容与信息
1718,OMCL,健康信息服务
1719,VERU,生物技术
1720,ROK,专业工业机械
1721,FTEK,污染与处理控制
1722,FLIC,银行
1723,TXRH,餐厅
1726,NRDS,互联网内容与信息
1727,GTES,专业工业机械
1730,YALA,软件
1732,CIGI,房地产
1733,TMDX,医疗设备
1740,CURV,服装零售
1741,KWE,航空航天与国防
1742,HAL,石油与天然气
1743,CALC,生物技术
1744,GME,专业零售
1747,VSTM,生物技术
1748,NMRK,房地产
1749,VIRT,资本市场
1751,NTLA,生物技术
1752,YOSH,餐厅
1753,USGO,工业金属与采矿
1754,THRD,生物技术
1756,MAC,房地产投资信托
1759,PRKS,休闲
1760,DTI,石油与天然气
1763,AXS,保险
1765,ALV,汽车零部件
1766,KBH,住宅建筑
1767,CECO,污染与处理控制
1768,FFIC,银行
1769,DLR,房地产投资信托
1770,HUBS,软件
1771,CRSP,生物技术
1772,UCB,银行
1773,BNT,保险
1774,APG,工程与建筑
1775,OLED,电子元件
1776,TROW,资产管理
1778,MX,半导体
1779,IVP,个人服务
1781,JFBRW,互联网零售
1782,APOG,建筑产品与设备
1784,ECX,汽车零部件
1785,PSTG,计算机硬件
1786,VRA,鞋类与配饰
1788,LNW,博彩
1789,FLR,工程与建筑
1791,TNL,旅行服务
1793,ABUS,生物技术
1795,DXC,信息技术服务
1797,CACC,信用服务
1798,VST,公用事业
1802,FRT,房地产投资信托
1803,WING,餐厅
1804,GTIM,餐厅
1805,BFST,银行
1809,GLBE,互联网零售
1820,CRNC,软件
1821,CELC,生物技术
1822,ARLO,建筑产品与设备
1830,YOU,软件
1831,CSWI,专业工业机械
1839,LOAR,航空航天与国防
1840,ETD,家装
1843,SNTG,信用服务
1844,HYLN,汽车零部件
1854,VVOS,医疗设备
1855,KAI,专业工业机械
1856,BHLB,银行
1861,HNRG,热煤
1866,PK,房地产投资信托
1867,TILE,家装
1876,SNOW,软件
1877,BLDE,机场与航空服务
1880,DCBO,软件
1881,FAST,工业分销
1882,TRDA,生物技术
1883,TORO,海运
1884,CHEK,诊断与研究
1886,UAA,服装制造
1887,AVAL,银行
1889,ESPR,药品制造商
1890,KIND,互联网内容与信息
1891,HNI,家装
1892,LAUR,教育与培训服务
1894,GENC,农用与重型建筑机械
1895,ACLS,半导体设备与材料
1897,SPFI,银行
1901,EHC,医疗设施
1902,FLXS,家装
1904,MMSI,医疗仪器与用品
1908,FATE,生物技术
1909,ZM,软件
1910,LOCO,餐厅
1911,AVAV,航空航天与国防
1912,GCI,出版
1915,LII,建筑产品与设备
1918,BRZE,软件
1919,ODFL,卡车运输
1920,LASR,半导体
1922,GROY,黄金
1928,RAVE,餐厅
1929,GEV,公用事业
1930,IRM,房地产投资信托
1931,KEX,海运
1932,PINC,健康信息服务
1933,HZO,专业零售
1935,PSHG,海运
1936,SPRU,太阳能
1937,RNGR,石油与天然气
1938,PCRX,药品制造商
1939,OCEA,生物技术
1940,EGAN,软件
1941,APAM,资产管理
1943,OS,软件
1944,REXR,房地产投资信托
1946,SFD,农产品
1948,HG,保险
1951,PRDO,教育与培训服务
1952,COO,医疗仪器与用品
1957,RVPH,生物技术
1959,DRS,航空航天与国防
1960,VMC,建筑材料
1961,VECO,半导体设备与材料
1963,CRVL,保险
1964,CPHI,药品制造商
1965,TRU,金融数据与证券交易所
1966,BBY,专业零售
1967,MLKN,家装
1969,MKTW,金融数据与证券交易所
1970,CRWD,软件
1972,MLI,金属加工
1973,LECO,工具与配件
1974,ABVC,生物技术
1975,MRCY,航空航天与国防
1976,CDW,信息技术服务
1978,POWI,半导体
1979,SNA,工具与配件
1980,MLM,建筑材料
1984,C,银行
1985,GNTY,银行
1986,NWPX,金属加工
1987,APPN,软件
1989,WSC,租赁与租赁服务
1990,TANH,家庭与个人用品
1992,MGA,汽车零部件
1993,ELDN,生物技术
1994,NCTY,资本市场
1995,KVYO,软件
1996,TTMI,电子元件
1997,NTB,银行
1998,EGBN,银行
1999,UMBF,银行
2000,PRTA,生物技术
2001,JDZG,信息技术服务
2002,LMB,建筑产品与设备
2003,INDV,药品制造商
2004,JBGS,房地产投资信托
2005,KRG,房地产投资信托
2006,AVNW,通信设备
2007,AUB,银行
2008,MBUU,休闲车辆
2009,FDBC,银行
2010,AFRI,农产品
2012,NSSC,安全与保护服务
2013,WW,个人服务
2014,STEL,银行
2015,MEI,电子元件
2017,QCRH,银行
2018,DAY,软件
2020,CNM,工业分销
2021,AHR,房地产投资信托
2022,QRHC,废物管理
2023,LRCX,半导体设备与材料
2026,MTDR,石油与天然气
2028,FUBO,广播
2031,WKHS,汽车制造
2032,NEU,专业化学品
2033,PLUS,软件
2034,GFS,半导体
2036,PMTS,信用服务
2037,CNXN,电子与计算机分销
2038,MDV,房地产投资信托
2041,ESSA,银行
2042,HBNC,银行
2043,FTDR,个人服务
2045,CZR,度假村与赌场
2046,ALIT,软件
2047,PUK,保险
2048,DLO,软件
2050,TKR,工具与配件
2051,GLW,电子元件
2053,CRUS,半导体
2054,KIM,房地产投资信托
2055,TFII,卡车运输
2057,LRN,教育与培训服务
2058,FLEX,电子元件
2059,IP,包装与容器
2060,HTLD,卡车运输
2061,AGO,保险
2062,CHRD,石油与天然气
2063,PATK,家装
2064,IRON,生物技术
2066,ORRF,银行
2067,ROLR,博彩
2069,SXI,专业工业机械
2072,KMI,石油与天然气
2074,AIN,纺织制造
2076,VSH,半导体
2077,CMI,专业工业机械
2078,REVG,农用与重型建筑机械
2079,ARMP,生物技术
2082,PNR,专业工业机械
2085,THFF,银行
2086,SGHC,博彩
2087,MOBXW,半导体
2088,NSP,人力资源与就业服务
2089,ORN,工程与建筑
2092,NERV,生物技术
2095,NRIM,银行
2096,MBC,家装
2097,PDM,房地产投资信托
2099,FMBH,银行
2100,OUT,房地产投资信托
2101,LGCY,教育与培训服务
2103,RJF,资产管理
2107,NOG,石油与天然气
2108,CFR,银行
2109,RBCAA,银行
2111,CEG,公用事业
2112,SSD,木材与木制品生产
2115,ACA,工程与建筑
2116,CELU,生物技术
2121,HGTY,保险
2123,AHH,房地产投资信托
2124,FNB,银行
2126,TOST,软件
2127,GIC,工业分销
2128,TWLO,软件
2129,GOGL,海运
2131,NNBR,企业集团
2135,MRX,资本市场
2136,AXTA,专业化学品
2138,AXP,信用服务
2140,CCJ,铀
2143,LEGH,住宅建筑
2146,GDYN,信息技术服务
2147,THO,休闲车辆
2148,OBK,银行
2152,CARR,建筑产品与设备
2153,WYNN,度假村与赌场
2154,PWOD,银行
2156,CHMG,银行
2159,NDLS,餐厅
2161,LOPE,教育与培训服务
2163,NTRS,资产管理
2164,BRLT,奢侈品
2165,NXRT,房地产投资信托
2168,SE,互联网零售
2170,LX,信用服务
2171,KNSL,保险
2172,PRU,保险
2173,KEYS,科学与技术仪器
2174,FBK,银行
2175,NRIX,生物技术
2178,EXTR,通信设备
2180,ASLE,机场与航空服务
2181,PR,石油与天然气
2183,WTS,专业工业机械
2184,MWG,租赁与租赁服务
2185,TRML,生物技术
2187,ANIP,药品制造商
2188,HPE,通信设备
2189,PBT,石油与天然气
2190,DOCN,软件
2192,ABCB,银行
2193,UBSI,银行
2194,EPAC,专业工业机械
2195,ACON,健康信息服务
2196,CPRT,专业商业服务
2200,RRGB,餐厅
2203,GDS,信息技术服务
2205,MIDD,专业工业机械
2206,EVI,工业分销
2207,ZWS,污染与处理控制
2208,JPM,银行
2210,NFBK,银行
2215,NOW,软件
2217,AMRX,药品制造商
2220,WMS,建筑产品与设备
2222,SONO,消费电子
2225,YHGJ,包装与容器
2226,SITC,房地产投资信托
2227,GS,资本市场
2228,ITRI,科学与技术仪器
2229,MLAB,科学与技术仪器
2231,ZION,银行
2232,BFC,银行
2233,WEAV,健康信息服务
2234,BANF,银行
2237,FRSH,软件
2238,PRI,保险
2240,QS,汽车零部件
2245,PSQH,软件
2247,FIHL,保险
2250,AGAE,娱乐
2251,SWKS,半导体
2252,PSMT,折扣商店
2253,ADMA,生物技术
2256,INTJ,咨询服务
2258,WBTN,互联网内容与信息
2263,HP,石油与天然气
2264,ACAD,生物技术
2265,JCI,建筑产品与设备
2269,RYAM,化学品
2270,AOSL,半导体
2271,TCBK,银行
2275,EVLV,安全与保护服务
2277,DCOM,银行
2278,BWA,汽车零部件
2279,GSHD,保险
2282,SHC,诊断与研究
2284,DKNG,博彩
2286,AKAN,药品制造商
2287,TSEM,半导体
2288,PRG,租赁与租赁服务
2289,LPX,建筑产品与设备
2291,CUZ,房地产投资信托
2292,MMI,房地产
2295,ALNY,生物技术
2296,GDEN,度假村与赌场
2297,ACIW,软件
2301,MYO,医疗设备
2302,CMPX,生物技术
2303,PDFS,软件
2305,CLW,纸与纸制品
2306,CNS,资产管理
2307,MTEK,电子元件
2308,IMXI,软件
2310,KEY,银行
2311,MGRC,租赁与租赁服务
2313,BOH,银行
2314,AVPT,软件
2315,ZYME,生物技术
2316,INTG,住宿
2317,SRI,汽车零部件
2318,SMBC,银行
2319,LMNR,农产品
2320,BWMN,工程与建筑
2321,HNST,家庭与个人用品
2322,OPBK,银行
2324,EFSC,银行
2325,PLRX,生物技术
2326,RF,银行
2327,FSTR,铁路
2328,EXPE,旅行服务
2329,REE,汽车零部件
2331,INBX,生物技术
2332,BORR,石油与天然气
2336,FEIM,通信设备
2337,SBCF,银行
2339,RENB,生物技术
2340,MDB,软件
2344,RELL,电子元件
2347,BIPC,公用事业
2349,DYN,生物技术
2350,SMRT,软件
2351,INSG,通信设备
2352,CISS,海运
2354,NVT,电气设备与零件
2355,BX,资产管理
2357,WETO,软件
2359,VMEO,软件
2360,ZBRA,通信设备
2361,AFG,保险
2362,HLI,资本市场
2363,LOW,家居改善零售
2364,SU,石油与天然气
2366,CYCN,生物技术
2367,STT,资产管理
2368,SCS,家装
2369,SSB,银行
2370,CBNA,银行
2371,CFG,银行
2376,KVHI,通信设备
2378,CX,建筑材料
2379,TDG,航空航天与国防
2381,BB,软件
2382,IOVA,生物技术
2385,ZEUS,钢铁
2387,VBTX,银行
2388,DD,专业化学品
2389,LAZ,资本市场
2390,PROV,银行
2391,ATS,专业工业机械
2392,FRME,银行
2394,MBWM,银行
2395,TLX,生物技术
2396,FRST,银行
2397,IGIC,保险
2398,VRNT,软件
2399,SXC,炼焦煤
2401,ACEL,博彩
2405,INM,药品制造商
2406,MPAA,汽车零部件
2408,STC,保险
2409,EVBN,银行
2410,TSM,半导体
2412,FHI,资产管理
2413,APGE,生物技术
2414,CYTK,生物技术
2419,WSBC,银行
2421,IIIV,软件
2422,ZVRA,生物技术
2426,TALK,健康信息服务
2427,JFIN,互联网内容与信息
2428,F,汽车制造
2429,OPEN,房地产
2430,WMB,石油与天然气
2431,WTI,石油与天然气
2432,PLCE,服装制造
2433,SLS,生物技术
2434,INTS,生物技术
2435,ETN,专业工业机械
2438,WTFC,银行
2439,ASBP,生物技术
2440,AMBA,半导体设备与材料
2441,CARE,银行
2443,CLSD,生物技术
2444,NGS,石油与天然气
2445,KFY,人力资源与就业服务
2447,PRVA,健康信息服务
2450,AESI,石油与天然气
2451,R,租赁与租赁服务
2452,EOG,石油与天然气
2453,BMI,科学与技术仪器
2454,AZTR,生物技术
2455,CC,专业化学品
2459,CVLG,卡车运输
2460,MPB,银行
2461,SPG,房地产投资信托
2462,ADCT,生物技术
2465,SHW,专业化学品
2466,ALK,航空公司
2471,TOWN,银行
2472,FIBK,银行
2475,UCTT,半导体设备与材料
2478,ACB,药品制造商
2480,WEST,包装食品
2481,FMNB,银行
2482,AXL,汽车零部件
2483,LCII,休闲车辆
2485,MAGN,纸与纸制品
2487,TFSL,银行
2489,NDAQ,金融数据与证券交易所
2490,RBB,银行
2492,PAYC,软件
2493,UNM,保险
2494,FELE,专业工业机械
2496,NCMI,广告代理
2497,VNT,科学与技术仪器
2498,MATW,企业集团
2500,NVR,住宅建筑
2504,STBA,银行
2505,TTSH,家居改善零售
2506,AME,专业工业机械
2508,MCBS,银行
2510,V,信用服务
2511,MGIH,包装与容器
2512,VTOL,石油与天然气
2514,HSAI,汽车零部件
2515,FRPT,包装食品
2516,WMPN,银行
2520,WHR,家装
2523,ALG,农用与重型建筑机械
2524,LRFC,资产管理
2525,SFNC,银行
2526,IPDN,人力资源与就业服务
2527,BLDEW,机场与航空服务
2528,LGIH,住宅建筑
2529,CMPOW,金属加工
2531,MOFG,银行
2533,WSFS,银行
2534,FBNC,银行
2536,LEA,汽车零部件
2537,ITRG,贵金属与采矿
2540,HEI,航空航天与国防
2541,DBD,软件
2542,CTM,信息技术服务
2543,BSVN,银行
2544,ITIC,保险
2546,HWKN,专业化学品
2547,RRBI,银行
2548,AXGN,医疗设备
2549,WFC,银行
2551,BCH,银行
2552,KELYA,人力资源与就业服务
2553,APPF,软件
2555,SRFM,航空公司
2556,CLOV,医疗计划
2557,SNDR,卡车运输
2558,MPX,休闲车辆
2559,FFBC,银行
2560,SLM,信用服务
2562,FIVN,软件
2567,CMA,银行
2570,LNZA,废物管理
2571,CVM,生物技术
2573,ACHR,航空航天与国防
2574,PLBC,银行
2575,KBR,工程与建筑
2577,BLZE,软件
2580,SRL,资本市场
2581,XYZ,软件
2582,NMIH,保险
2583,UE,房地产投资信托
2584,GPOR,石油与天然气
2585,TPB,烟草
2586,GSBC,银行
2587,IBCP,银行
2588,CRAI,咨询服务
2590,MYSZ,软件
2591,CLBK,银行
2592,MRKR,生物技术
2594,FRBA,银行
2595,DFIN,软件
2597,PECO,房地产投资信托
2599,PENG,信息技术服务
2600,EDSA,生物技术
2601,CLWT,污染与处理控制
2604,FICO,软件
2605,CCL,旅行服务
2606,PSN,信息技术服务
2607,ADTN,通信设备
2608,CRGO,综合货运与物流
2613,PFG,资产管理
2615,MATX,海运
2617,DBRG,资产管理
2618,REPX,石油与天然气
2622,DBX,软件
2623,ATHA,生物技术
2624,PD,软件
2627,AMKR,半导体设备与材料
2629,CUBI,银行
2631,FVRR,互联网内容与信息
2634,ONTF,软件
2635,MODG,休闲
2636,AVDX,软件
2640,ST,科学与技术仪器
2645,CAC,银行
2646,IOSP,专业化学品
2648,CVV,专业工业机械
2650,HOMB,银行
2652,JAZZ,生物技术
2654,HVT,家居改善零售
2657,ENOV,专业工业机械
2659,BHF,保险
2661,MTRN,工业金属与采矿
2662,MU,半导体
2664,OPI,房地产投资信托
2666,ARDX,生物技术
2670,CNOB,银行
2672,JBHT,综合货运与物流
2673,APTV,汽车零部件
2674,COMP,房地产
2675,NVCR,医疗设备
2678,FCBC,银行
2679,SAFT,保险
2680,NPCE,医疗设备
2681,KAR,汽车与卡车经销
2682,ALGM,半导体
2684,GL,保险
2687,TCBI,银行
2692,MD,医疗设施
2694,OKTA,软件
2695,CNCK,资本市场
2696,RYI,金属加工
2697,VATE,工程与建筑
2698,WDS,石油与天然气
2701,OVLY,银行
2703,NNVC,生物技术
2708,NBBK,银行
2709,ALGT,航空公司
2712,PACB,医疗设备
2714,MTB,银行
2716,AZUL,航空公司
2717,ACCO,商业设备与用品
2720,PB,银行
2721,MRM,个人服务
2722,CSBR,生物技术
2724,GTLB,软件
2726,DELL,计算机硬件
2728,SYBT,银行
2729,ATOM,半导体设备与材料
2731,GNL,房地产投资信托
2733,SRRK,生物技术
2735,MAR,住宿
2736,DNLI,生物技术
2737,AIP,半导体
2739,NUTX,医疗设施
2741,AVB,房地产投资信托
2744,LCNB,银行
2746,FBIN,建筑产品与设备
2748,ZS,软件
2749,BKE,服装零售
2750,SPB,家庭与个人用品
2752,PLOW,汽车零部件
2753,FLUT,博彩
2754,CTO,房地产投资信托
2760,JFBR,互联网零售
2766,WELL,房地产投资信托
2770,STR,石油与天然气
2771,SHG,银行
2773,TGL,软件
2774,HONE,银行
2776,CBSH,银行
2777,NBTB,银行
2779,CBT,专业化学品
2781,WDFC,专业化学品
2783,SNAP,互联网内容与信息
2784,LIVN,医疗设备
2786,GOOGL,互联网内容与信息
2788,BSTZ,资产管理
2794,CVBF,银行
2795,PCB,银行
2798,RMAX,房地产
2800,HST,房地产投资信托
2805,BLCO,医疗仪器与用品
2806,IAS,广告代理
2808,CSTL,诊断与研究
2809,RHP,房地产投资信托
2810,CATY,银行
2812,ICAD,医疗设备
2817,PCOR,软件
2818,PII,休闲车辆
2819,PEB,房地产投资信托
2821,AXON,航空航天与国防
2822,DVN,石油与天然气
2823,SCPX,生物技术
2826,CTRA,石油与天然气
2834,BKV,石油与天然气
2835,EQR,房地产投资信托
2836,INMB,生物技术
2837,PHR,健康信息服务
2838,SUNS,房地产投资信托
2839,CDTG,废物管理
2840,ACT,保险
2846,UPBD,软件
2847,HCI,保险
2848,IMO,石油与天然气
2849,CSGS,软件
2851,GOOG,互联网内容与信息
2852,PCTY,软件
2853,DWTX,生物技术
2854,WD,抵押贷款金融
2855,ACGL,保险
2856,IPAR,家庭与个人用品
2858,AORT,医疗设备
2859,QQQX,资产管理
2860,STRM,健康信息服务
2862,WAB,铁路
2863,PDEX,医疗仪器与用品
2865,MET,保险
2866,FSBW,银行
2867,INFA,软件
2870,PDS,石油与天然气
2871,WH,住宿
2873,CMG,餐厅
2875,FFIV,软件
2877,UVE,保险
2878,VSCO,服装零售
2879,MLNK,软件
2880,AMG,资产管理
2881,EHGO,商业设备与用品
2883,HBAN,银行
2884,HII,航空航天与国防
2885,UTHR,生物技术
2889,RMR,房地产
2890,UDR,房地产投资信托
2892,WBS,银行
2893,USEG,石油与天然气
2894,BC,休闲车辆
2896,OZK,银行
2898,ATR,医疗仪器与用品
2901,DB,银行
2904,CWAN,软件
2905,NRG,公用事业
2908,PFGC,食品分销
2909,XPL,工业金属与采矿
2914,UNTY,银行
2915,SHBI,银行
2919,MPW,房地产投资信托
2921,MEIP,生物技术
2922,TARA,生物技术
2924,KD,信息技术服务
2925,EVGO,专业零售
2926,GNTX,汽车零部件
2927,CNA,保险
2929,TH,专业商业服务
2931,TRMB,科学与技术仪器
2933,MTG,保险
2935,CVRX,医疗设备
2937,UVSP,银行
2938,MP,工业金属与采矿
2942,DHT,石油与天然气
2943,PFIS,银行
2945,ORKA,生物技术
2946,WAT,诊断与研究
2948,NXGLW,医疗仪器与用品
2950,USB,银行
2952,ORLA,黄金
2953,KRNT,专业工业机械
2954,CCBG,银行
2955,ARAY,医疗设备
2958,XIN,房地产
2959,TRNO,房地产投资信托
2960,CHE,医疗设施
2961,DGII,通信设备
2962,AMTB,银行
2963,CSGP,房地产
2964,PLNT,休闲
2966,WBD,娱乐
2969,EQIX,房地产投资信托
2970,AZTA,医疗仪器与用品
2971,BTO,资产管理
2975,KC,软件
2976,SVC,房地产投资信托
2978,CODI,企业集团
2979,REPL,生物技术
2980,TSQ,广告代理
2981,SFM,杂货店
2982,KNOP,石油与天然气
2985,OLMA,生物技术
2987,AKAM,软件
2989,RAMP,软件
2990,PODD,医疗设备
2993,FWRD,综合货运与物流
2996,GILT,通信设备
3000,EVN,资产管理
3001,FNF,保险
3002,SRTS,医疗设备
3003,EQT,石油与天然气
3007,SMWB,软件
3008,EBC,银行
3010,COCO,非酒精饮料
3011,BNRG,公用事业
3012,FBMS,银行
3013,OFG,银行
3014,SKLZ,电子游戏与多媒体
3016,CTBI,银行
3017,FULT,银行
3018,BRBS,银行
3019,SLNO,生物技术
3020,CGNX,科学与技术仪器
3021,SEIC,资产管理
3022,NXT,太阳能
3024,DOC,房地产投资信托
3027,MCO,金融数据与证券交易所
3028,CASY,专业零售
3029,NTCT,软件
3030,CCS,房地产
3032,KLIC,半导体设备与材料
3034,MUR,石油与天然气
3036,SLF,保险
3037,HRTX,生物技术
3038,ICHR,半导体设备与材料
3040,LTRN,生物技术
3041,HUM,医疗计划
3046,PEN,医疗设备
3048,RPM,专业化学品
3051,TRST,银行
3053,QCOM,半导体
3054,BCPC,专业化学品
3055,INGR,包装食品
3058,AMBI,废物管理
3059,SEVN,房地产投资信托
3060,OTEX,软件
3061,RNST,银行
3063,FCCO,银行
3064,LSEA,房地产
3065,BRO,保险
3066,OIS,石油与天然气
3071,WASH,银行
3073,ESNT,保险
3075,ENS,电气设备与零件
3076,KN,电子元件
3077,LCID,汽车制造
3084,LXFR,专业工业机械
3086,HIFS,银行
3088,CPF,银行
3090,BLFY,银行
3092,EXEL,生物技术
3101,TWI,农用与重型建筑机械
3104,GGG,专业工业机械
3106,DXCM,医疗设备
3108,JG,软件
3109,BOOM,企业集团
3110,GRC,专业工业机械
3112,PEBO,银行
3113,AHT,房地产投资信托
3114,RSVR,娱乐
3116,METC,炼焦煤
3117,GATX,租赁与租赁服务
3118,ZENA,软件
3119,HAFC,银行
3121,SIRI,娱乐
3126,LPG,石油与天然气
3128,SNPS,软件
3129,ENTG,半导体设备与材料
3132,KW,房地产
3134,TSCO,专业零售
3136,GRMN,科学与技术仪器
3137,PRLB,金属加工
3140,FLDDW,资本市场
3141,FTHM,房地产
3144,MDRR,房地产投资信托
3146,CPT,房地产投资信托
3148,LEN,住宅建筑
3152,RY,银行
3153,PPG,专业化学品
3156,PRTH,软件
3158,VTR,房地产投资信托
3160,NBHC,银行
3161,EAF,电气设备与零件
3162,BNL,房地产投资信托
3166,TKO,娱乐
3167,VRE,房地产投资信托
3169,IMAB,生物技术
3170,GPN,专业商业服务
3171,UHAL,租赁与租赁服务
3172,WS,钢铁
3174,FOR,房地产
3175,MDXG,生物技术
3182,AMIX,医疗设备
3185,RCUS,生物技术
3187,AS,休闲
3189,KROS,生物技术
3190,SIGI,保险
3194,LYFT,软件
3195,VAC,度假村与赌场
3197,UNIT,房地产投资信托
3198,SCHW,资本市场
3199,EMR,专业工业机械
3202,USEA,海运
3206,CNH,农用与重型建筑机械
3207,BKNG,旅行服务
3209,KOP,专业化学品
3210,HTBK,银行
3213,YTRA,旅行服务
3214,VLRS,航空公司
3215,INMD,医疗设备
3217,NVEC,半导体
3219,RMT,资产管理
3220,RRR,度假村与赌场
3222,CTSH,信息技术服务
3224,ALC,医疗仪器与用品
3225,INN,房地产投资信托
3227,VBNK,银行
3229,RRC,石油与天然气
3230,GVA,工程与建筑
3232,PFSI,抵押贷款金融
3235,JOE,房地产
3236,EQH,资产管理
3238,HDB,银行
3239,WFG,木材与木制品生产
3240,STNE,软件
3241,PCSA,生物技术
3244,MNR,石油与天然气
3246,CTXR,生物技术
3249,POET,半导体
3250,ORI,保险
3254,ARIS,公用事业
3255,HSIC,医疗分销
3258,GLRE,保险
3259,BSX,医疗设备
3261,WNEB,银行
3264,XYL,专业工业机械
3265,PBFS,银行
3267,CLH,废物管理
3268,CERS,医疗设备
3269,JOBY,机场与航空服务
3272,IDCC,软件
3273,LKFN,银行
3277,NGVT,专业化学品
3282,HMN,保险
3286,MEDP,诊断与研究
3288,CNMD,医疗设备
3290,BRX,房地产投资信托
3291,IRDM,电信服务
3293,MTEN,金属加工
3295,AMH,房地产投资信托
3296,CNI,铁路
3299,FITB,银行
3303,MAX,互联网内容与信息
3308,GROV,家庭与个人用品
3309,AGRO,农产品
3310,AGCO,农用与重型建筑机械
3311,CRBG,资产管理
3313,FROG,软件
3314,MTVA,生物技术
3316,PRK,银行
3319,NNI,信用服务
3320,FSV,房地产
3321,XWEL,诊断与研究
3322,MESA,航空公司
3323,XYLO,医疗设备
3325,MXCT,医疗设备
3328,ZAPP,汽车制造
3335,TLN,公用事业
3336,WSBF,银行
3338,MAIN,资产管理
3339,RPID,医疗设备
3340,TTC,工具与配件
3341,HAYW,电气设备与零件
3345,GDTC,生物技术
3348,CCIRU,壳公司
3349,TOUR,旅行服务
3353,RLMD,生物技术
3354,CNR,热煤
3356,TEL,电子元件
3361,KTB,服装制造
3362,CLFD,通信设备
3363,FHN,银行
3367,GAUZ,电子元件
3368,NIC,银行
3369,AMTM,专业商业服务
3370,HOPE,银行
3375,WOLF,半导体
3376,STRK,软件
3380,HL,贵金属与采矿
3381,OXM,服装制造
3383,EG,保险
3384,FULC,生物技术
3385,CRM,软件
3386,HI,专业工业机械
3388,SNX,电子与计算机分销
3389,GWW,工业分销
3391,UONEK,广播
3392,AKR,房地产投资信托
3393,LEDS,半导体
3395,NEOV,电气设备与零件
3399,EJH,个人服务
3400,SATLW,航空航天与国防
3401,WAFU,教育与培训服务
3402,VEEE,休闲车辆
3404,RYAN,保险
3409,HFWA,银行
3415,WERN,卡车运输
3420,ODC,专业化学品
3423,NURO,医疗设备
3425,GRF,资产管理
3427,VIVK,石油与天然气
3429,BHRB,银行
3434,AXSM,生物技术
3436,EGP,房地产投资信托
3439,IBM,信息技术服务
3442,KE,电气设备与零件
3446,INR,石油与天然气
3447,PRM,专业化学品
3449,MBIN,银行
3451,VRTS,资产管理
3455,LYG,银行
3457,SJM,包装食品
3460,ATMU,污染与处理控制
3463,VSME,广告代理
3464,MAT,休闲
3466,ICUI,医疗仪器与用品
3467,CVCO,住宅建筑
3468,BRC,安全与保护服务
3471,MELI,互联网零售
3472,AGEN,生物技术
3474,BHFAM,保险
3476,CMPO,金属加工
3477,OEC,专业化学品
3480,AMAT,半导体设备与材料
3482,ADBE,软件
3483,BBSI,人力资源与就业服务
3484,KRC,房地产投资信托
3489,MMM,企业集团
3492,NHI,房地产投资信托
3494,FPH,房地产
3498,DSGR,工业分销
3501,IZEA,互联网内容与信息
3503,SYRA,医疗设施
3506,COST,折扣商店
3508,LTRX,通信设备
3509,CP,铁路
3510,MORN,金融数据与证券交易所
3513,HRTG,保险
3515,USAC,石油与天然气
3523,ITRN,科学与技术仪器
3529,FAF,保险
3533,HIW,房地产投资信托
3534,TZUP,广告代理
3535,PAC,机场与航空服务
3536,SW,包装与容器
3538,EPRT,房地产投资信托
3540,COLM,服装制造
3545,OMAB,机场与航空服务
3551,ACM,工程与建筑
3553,CCM,医疗设施
3554,PAY,软件
3556,GLPI,房地产投资信托
3558,CEVA,半导体
3562,STHO,房地产
3565,NDSN,专业工业机械
3568,WABC,银行
3573,SMTC,半导体
3575,CCG,互联网内容与信息
3577,AGM,信用服务
3579,TKLF,专业零售
3580,MKL,保险
3583,HUBG,综合货运与物流
3585,SEM,医疗设施
3588,EPM,石油与天然气
3593,AEIS,电气设备与零件
3594,POOL,工业分销
3595,NTST,房地产投资信托
3597,AEHR,半导体设备与材料
3599,TROX,化学品
3601,CXW,安全与保护服务
3602,USFD,食品分销
3606,QLYS,软件
3608,OBDC,资产管理
3609,CDNS,软件
3610,BYD,度假村与赌场
3613,UA,服装制造
3615,MBCN,银行
3616,SYNA,半导体
3617,BWFG,银行
3619,XTKG,软件
3620,RDVT,软件
3621,BHR,房地产投资信托
3626,DENN,餐厅
3631,DM,计算机硬件
3633,HDSN,专业化学品
3636,TDS,电信服务
3638,CHI,资产管理
3644,RLGT,综合货运与物流
3655,CTAS,专业商业服务
3660,ORLY,专业零售
3661,HLIT,通信设备
3662,MTLS,软件
3666,ACXP,生物技术
3667,LNTH,药品制造商
3669,FND,家居改善零售
3674,NTRA,诊断与研究
3675,AJG,保险
3678,LOGI,计算机硬件
3679,OBE,石油与天然气
3680,WMT,折扣商店
3681,SBFG,银行
3682,TFC,银行
3686,LSBK,银行
3687,DIN,餐厅
3688,GDDY,软件
3689,ESCA,休闲
3691,ADEA,软件
3693,DCTH,医疗设备
3694,IEX,专业工业机械
3696,DSGX,软件
3699,ITGR,医疗设备
3700,RTX,航空航天与国防
3701,EDN,公用事业
3703,CRGY,石油与天然气
3705,AIRG,通信设备
3706,CAT,农用与重型建筑机械
3708,UXIN,汽车与卡车经销
3713,WLK,专业化学品
3715,VYNE,生物技术
3719,STLA,汽车制造
3722,IMUX,生物技术
3728,WWR,工业金属与采矿
3729,PKBK,银行
3731,FCNCA,银行
3732,ORCL,软件
3733,TRP,石油与天然气
3738,H,住宿
3740,CMCO,农用与重型建筑机械
3744,EB,软件
3746,SLB,石油与天然气
3747,DRIO,健康信息服务
3749,MDU,企业集团
3750,ZEO,太阳能
3751,TASK,信息技术服务
3754,STOK,生物技术
3755,MGTX,生物技术
3756,CDP,房地产投资信托
3757,ESS,房地产投资信托
3758,BSY,软件
3761,RDCM,电信服务
3762,LRE,房地产
3763,CURB,房地产投资信托
3765,HSCS,医疗设备
3766,HBM,铜业
3769,EPAM,信息技术服务
3771,LXP,房地产投资信托
3772,QSI,医疗设备
3773,OUST,电子元件
3778,ITW,专业工业机械
3780,DTC,互联网零售
3781,OLO,软件
3784,MLP,房地产
3787,TDTH,信息技术服务
3789,DT,软件
3790,SUPN,药品制造商
3794,DOX,软件
3795,IHS,电信服务
3797,MAS,建筑产品与设备
3798,VRTX,生物技术
3799,COLL,药品制造商
3800,PLD,房地产投资信托
3801,FI,信息技术服务
3802,NATL,软件
3805,USCB,银行
3806,LINK,电子元件
3807,AIMD,医疗设备
3808,ZDGE,互联网内容与信息
3810,AMN,医疗设施
3814,HAS,休闲
3817,OHI,房地产投资信托
3818,UPWK,互联网内容与信息
3826,PNC,银行
3829,SFST,银行
3833,UBFO,银行
3835,RIGL,生物技术
3836,EOS,资产管理
3837,TD,银行
3839,HHH,房地产
3842,RLI,保险
3843,TGB,铜业
3844,TCPC,资产管理
3847,ENSG,医疗设施
3848,NCNO,软件
3850,VOYA,金融集团
3851,CHMI,房地产投资信托
3852,KALU,铝业
3855,WSR,房地产投资信托
3858,PPBI,银行
3859,CCCS,软件
3861,SMP,汽车零部件
3863,KNTK,石油与天然气
3865,BXP,房地产投资信托
3866,MXC,石油与天然气
3867,BIGC,软件
3868,PPIH,建筑产品与设备
3870,TG,金属加工
3871,GRNT,石油与天然气
3877,RVT,资产管理
3878,ETY,资产管理
3879,VOR,生物技术
3881,OBT,银行
3884,AIFU,保险
3885,CAAP,机场与航空服务
3888,NRC,健康信息服务
3889,ETSY,互联网零售
3890,ARQT,生物技术
3894,RXRX,生物技术
3897,ZI,软件
3899,ADVWW,广告代理
3900,ZLAB,生物技术
3901,PFBC,银行
3902,ETV,资产管理
3904,MTX,专业化学品
3905,FUL,专业化学品
3906,NIM,资产管理
3907,CXT,专业工业机械
3908,VVV,汽车与卡车经销
3909,IONS,生物技术
3910,NSC,铁路
3912,DHIL,资产管理
3913,KARO,软件
3920,VTRS,药品制造商
3921,TXT,航空航天与国防
3922,SCI,个人服务
3923,DNUT,杂货店
3926,FTI,石油与天然气
3928,EXPO,工程与建筑
3929,HR,房地产投资信托
3930,TNDM,医疗设备
3932,NESR,石油与天然气
3936,EXE,石油与天然气
3939,SND,石油与天然气
3945,ASML,半导体设备与材料
3946,GEN,软件
3947,AMRN,药品制造商
3951,QDEL,医疗设备
3954,EPSN,石油与天然气
3956,STN,工程与建筑
3957,ANGO,医疗仪器与用品
3958,STZ,啤酒饮料
3959,EP,石油与天然气
3960,CRK,石油与天然气
3962,ZD,广告代理
3964,LW,包装食品
3965,J,工程与建筑
3969,YMM,软件
3972,LOAN,房地产投资信托
3974,PRAX,生物技术
3975,SATS,通信设备
3977,DE,农用与重型建筑机械
3978,BLX,银行
3980,SPNS,软件
3984,TWN,资产管理
3985,RTC,软件
3986,GPC,汽车零部件
3987,BFK,资产管理
3990,YEXT,软件
3994,CBRL,餐厅
3995,HLLY,汽车零部件
3996,DIT,食品分销
4000,SEE,包装与容器
4001,OCFC,银行
4002,EARN,资产管理
4003,EMN,专业化学品
4004,BPOP,银行
4005,PCAR,农用与重型建筑机械
4006,MIR,专业工业机械
4007,SLQT,保险
4008,FANG,石油与天然气
4009,SLND,工程与建筑
4011,BY,银行
4012,ICMB,资产管理
4014,MUX,贵金属与采矿
4015,BWLP,海运
4016,IR,专业工业机械
4017,INSW,石油与天然气
4018,NHPBP,房地产投资信托
4020,MSI,通信设备
4021,MSBI,银行
4022,CZNC,银行
4023,NSA,房地产投资信托
4024,PCH,房地产投资信托
4027,SSYS,计算机硬件
4029,NXPLW,软件
4033,ADVB,诊断与研究
4034,KMPR,保险
4035,BA,航空航天与国防
4037,BDN,房地产投资信托
4041,CASH,银行
4046,STXS,医疗仪器与用品
4047,GIGM,电子游戏与多媒体
4052,TMP,银行
4057,PMN,生物技术
4059,FSLY,软件
4061,NI,公用事业
4062,NPKI,石油与天然气
4063,GEL,石油与天然气
4065,MSAI,软件
4066,PRFX,药品制造商
4068,FGF,保险
4072,QRVO,半导体
4077,SYBX,生物技术
4078,PUBM,软件
4079,BNGO,医疗仪器与用品
4082,ARL,房地产
4085,ATLO,银行
4086,AC,资产管理
4087,CLYM,生物技术
4088,BHC,药品制造商
4089,RBC,工具与配件
4090,XRAY,医疗仪器与用品
4092,CII,资产管理
4094,HCA,医疗设施
4097,LYT,软件
4098,CIVB,银行
4099,TCTM,教育与培训服务
4104,DVA,医疗设施
4106,PHIN,汽车零部件
4107,IESC,工程与建筑
4108,CYTH,药品制造商
4110,HIG,保险
4115,CETX,软件
4117,EXR,房地产投资信托
4118,XHR,房地产投资信托
4120,HQI,人力资源与就业服务
4122,NREF,房地产投资信托
4123,ELAN,药品制造商
4124,AEG,保险
4125,HSTM,健康信息服务
4128,ALRM,软件
4131,BCS,银行
4133,CNQ,石油与天然气
4137,BHIL,农业投入品
4139,MAA,房地产投资信托
4141,ESI,专业化学品
4142,SIEB,资本市场
4143,ET,石油与天然气
4144,CHH,住宿
4147,KB,银行
4148,OB,互联网内容与信息
4149,FUND,资产管理
4150,GUT,资产管理
4151,IHD,资产管理
4156,CDNA,诊断与研究
4158,CLB,石油与天然气
4159,KSPI,软件
4160,GHY,资产管理
4161,FTV,科学与技术仪器
4163,CMCT,房地产投资信托
4164,RDN,保险
4165,CHNR,污染与处理控制
4167,LAMR,房地产投资信托
4168,TCMD,医疗设备
4171,CM,银行
4172,INTU,软件
4173,BATRA,娱乐
4174,UFCS,保险
4178,NOA,石油与天然气
4179,CPK,公用事业
4181,DV,软件
4182,BLBX,软件
4185,WDC,计算机硬件
4187,MA,信用服务
4188,GAM,资产管理
4189,THQ,资产管理
4190,MDBH,资本市场
4191,BENFW,资产管理
4195,KWR,专业化学品
4196,FRPH,房地产
4198,CMBT,石油与天然气
4199,ATUS,电信服务
4200,NTRB,生物技术
4202,ALEC,生物技术
4206,PAVS,包装食品
4207,AMBC,保险
4213,NIE,资产管理
4215,NECB,银行
4218,SAMG,资产管理
4220,HBB,家装
4223,INFY,信息技术服务
4229,SPXX,资产管理
4231,HTB,银行
4234,CACI,信息技术服务
4235,THG,保险
4237,ONB,银行
4238,CHCO,银行
4239,KEP,公用事业
4241,MCI,资产管理
4242,HE,公用事业
4243,USM,电信服务
4245,TWFG,保险
4246,LDOS,信息技术服务
4247,RMD,医疗仪器与用品
4248,IKNA,生物技术
4250,COLD,房地产投资信托
4251,OCUL,生物技术
4252,NEWT,银行
4258,VC,汽车零部件
4259,CLM,资产管理
4266,SONN,生物技术
4267,CHDN,博彩
4268,BOX,软件
4269,LEE,出版
4270,QNCX,生物技术
4272,SNT,安全与保护服务
4278,BFAM,个人服务
4285,EIG,保险
4287,SOHU,电子游戏与多媒体
4289,CBZ,专业商业服务
4290,EYPT,生物技术
4298,MAN,人力资源与就业服务
4299,AAPG,生物技术
4300,CCIR,壳公司
4301,DCO,航空航天与国防
4304,NUW,资产管理
4305,DEA,房地产投资信托
4310,KRO,专业化学品
4313,AZO,专业零售
4316,KRP,石油与天然气
4318,LOB,银行
4323,ACNT,钢铁
4328,FR,房地产投资信托
4329,HURN,咨询服务
4330,CVGI,汽车零部件
4331,RNR,保险
4333,IPWR,电气设备与零件
4334,SLSR,贵金属与采矿
4339,ASH,专业化学品
4342,SLVM,纸与纸制品
4344,NCLH,旅行服务
4345,HIMX,半导体
4347,PCG,公用事业
4350,MMU,资产管理
4352,BAC,银行
4358,NHPAP,房地产投资信托
4359,HLT,住宿
4361,ASG,资产管理
4362,TYL,软件
4363,FGB,资产管理
4364,BENF,资产管理
4365,ROG,电子元件
4369,AMAL,银行
4371,BIDU,互联网内容与信息
4373,LNN,农用与重型建筑机械
4375,WST,医疗仪器与用品
4376,HY,农用与重型建筑机械
4378,ALTI,资产管理
4382,ASC,海运
4383,STK,资产管理
4384,VICI,房地产投资信托
4387,KPTI,生物技术
4389,OLN,化学品
4391,KAVL,烟草
4399,SBSI,银行
4401,MDGL,生物技术
4403,AER,租赁与租赁服务
4404,SLAB,半导体
4408,AVY,包装与容器
4409,INCY,生物技术
4410,GH,诊断与研究
4411,EIM,资产管理
4417,MEGL,资本市场
4424,WYY,信息技术服务
4425,AAT,房地产投资信托
4426,LPRO,信用服务
4429,BK,银行
4431,BBGI,广播
4432,RITM,房地产投资信托
4433,CORT,生物技术
4437,PEO,资产管理
4438,BXMX,资产管理
4439,ETB,资产管理
4441,PBH,药品制造商
4443,GIB,信息技术服务
4445,OPY,资本市场
4450,AVK,资产管理
4452,ACR,房地产投资信托
4457,DCI,专业工业机械
4458,FSM,黄金
4459,TBLA,互联网内容与信息
4460,BTE,石油与天然气
4464,ANDE,食品分销
4470,VIRC,家装
4473,NKSH,银行
4474,WTW,保险
4478,HEQ,资产管理
4479,SAGE,生物技术
4482,CDRO,博彩
4485,WLDN,工程与建筑
4486,MQ,软件
4488,EFC,房地产投资信托
4492,WRB,保险
4496,PANW,软件
4498,IRT,房地产投资信托
4499,TLF,专业零售
4501,WLY,出版
4505,EXPD,综合货运与物流
4512,LKCO,广告代理
4521,FFA,资产管理
4522,ROL,个人服务
4525,NLOP,房地产投资信托
4526,SHO,房地产投资信托
4528,LBRDK,电信服务
4529,MRC,石油与天然气
4531,MYE,包装与容器
4537,AMPY,石油与天然气
4542,ARE,房地产投资信托
4543,ASX,半导体
4545,OBIO,生物技术
4547,ARCC,资产管理
4551,TNK,石油与天然气
4553,IFN,资产管理
4555,ACV,资产管理
4556,AMC,娱乐
4557,CHX,石油与天然气
4558,CFFI,银行
4560,PRLD,生物技术
4562,ETO,资产管理
4565,CCLD,健康信息服务
4566,FERG,工业分销
4567,HBT,银行
4570,FET,石油与天然气
4571,STAG,房地产投资信托
4572,BCYC,生物技术
4573,FUTU,资本市场
4574,FCPT,房地产投资信托
4579,RLAY,生物技术
4581,REG,房地产投资信托
4583,IRTC,医疗设备
4586,TY,资产管理
4589,SPHR,娱乐
4591,VRDN,生物技术
4592,LHX,航空航天与国防
4593,SBI,资产管理
4595,MRTN,卡车运输
4596,HTH,金融集团
4599,ALNT,电子元件
4602,PSA,房地产投资信托
4605,MAV,资产管理
4606,WORX,健康信息服务
4607,NXG,资产管理
4608,WY,房地产投资信托
4609,FULTP,银行
4610,ACDC,石油与天然气
4612,AFL,保险
4622,FSBC,银行
4625,BOC,企业集团
4626,VIAV,通信设备
4627,STM,半导体
4630,AMPL,软件
4634,TME,互联网内容与信息
4637,EVER,互联网内容与信息
4639,WALD,家庭与个人用品
4640,ALRS,银行
4641,CIB,银行
4643,BST,资产管理
4644,MUE,资产管理
4646,RES,石油与天然气
4648,FIS,信息技术服务
4649,CDRE,航空航天与国防
4650,MUSA,专业零售
4651,FCF,银行
4657,CENN,汽车制造
4659,NODK,保险
4660,MQT,资产管理
4662,ADUS,医疗设施
4663,COCP,生物技术
4664,IIF,资产管理
4665,EMCGW,壳公司
4666,PAYX,软件
4668,LTC,房地产投资信托
4669,SPE,资产管理
4671,ANIX,生物技术
4678,BSAC,银行
4681,ESEA,海运
4684,CTRE,房地产投资信托
4685,GLSI,生物技术
4686,OLP,房地产投资信托
4687,AIZ,保险
4688,YY,互联网内容与信息
4689,KNX,卡车运输
4691,KRKR,广告代理
4695,KFRC,人力资源与就业服务
4698,EW,医疗设备
4700,CBNK,银行
4702,ABM,专业商业服务
4706,LKQ,汽车零部件
4709,CYCC,生物技术
4710,CANF,生物技术
4711,RIG,石油与天然气
4713,AQST,药品制造商
4714,BR,信息技术服务
4716,SIMO,半导体
4720,IBN,银行
4722,SBT,银行
4723,OLLI,折扣商店
4724,CCAP,资产管理
4729,GAB,资产管理
4730,CHSCP,农产品
4739,BAX,医疗仪器与用品
4744,SILC,通信设备
4747,BLK,资产管理
4748,LIDRW,软件
4749,PBA,石油与天然气
4750,FFWM,银行
4753,MERC,纸与纸制品
4754,AIG,保险
4756,JHG,资产管理
4762,CCD,资产管理
4763,PSTL,房地产投资信托
4764,INVZ,汽车零部件
4766,CBU,银行
4770,HYPR,医疗设备
4771,PSO,出版
4774,WOOF,专业零售
4778,NFLX,娱乐
4788,BEEP,基础设施运营
4789,TSHA,生物技术
4791,YCBD,药品制造商
4792,CRF,资产管理
4794,SPGI,金融数据与证券交易所
4795,CLVT,信息技术服务
4796,TMUS,电信服务
4797,CFFN,银行
4803,AMST,软件
4806,SMPL,包装食品
4807,GEOS,石油与天然气
4808,RVTY,诊断与研究
4809,CMCM,互联网内容与信息
4811,GLDD,工程与建筑
4815,SOR,资产管理
4816,AUDC,通信设备
4818,NRO,资产管理
4819,ADP,软件
4821,CLNE,石油与天然气
4825,CVE,石油与天然气
4828,ILLRW,软件
4829,INTT,半导体设备与材料
4830,MCY,保险
4833,PGRE,房地产投资信托
4835,SOL,太阳能
4836,ASND,生物技术
4837,PRTG,生物技术
4841,ADX,资产管理
4845,UMC,半导体
4850,CRNT,通信设备
4853,AVTE,生物技术
4858,SRCE,银行
4861,SNEX,资本市场
4863,TECX,生物技术
4865,SRV,资产管理
4867,SAP,软件
4868,STE,医疗设备
4869,DIAX,资产管理
4871,FRO,石油与天然气
4872,ARTW,农用与重型建筑机械
4873,CI,医疗计划
4874,NVAX,生物技术
4877,HUBC,软件
4878,USPH,医疗设施
4879,HRB,个人服务
4881,AMCR,包装与容器
4882,XXII,烟草
4883,TCBX,银行
4884,TDY,科学与技术仪器
4889,PDD,互联网零售
4892,CDROW,博彩
4897,TW,资本市场
4898,PINE,房地产投资信托
4899,DHI,住宅建筑
4900,ALEX,房地产投资信托
4901,MYRG,工程与建筑
4904,FTNT,软件
4905,EBAY,互联网零售
4906,FSK,资产管理
4909,NNOX,医疗设备
4910,OIA,资产管理
4911,HCKT,信息技术服务
4912,FOF,资产管理
4914,GDV,资产管理
4920,RBA,专业商业服务
4922,BCAL,银行
4925,CHY,资产管理
4926,GOOD,房地产投资信托
4927,CSQ,资产管理
4935,TTEK,工程与建筑
4936,TWNP,餐厅
4944,BLE,资产管理
4946,RSG,废物管理
4948,PAMT,卡车运输
4950,GGZ,资产管理
4951,VKTX,生物技术
4953,KFS,汽车与卡车经销
4954,ASTL,钢铁
4955,BV,专业商业服务
4956,KRRO,生物技术
4958,ARLP,热煤
4962,AAPL,消费电子
4965,MLTX,生物技术
4967,OR,黄金
4969,LADR,房地产投资信托
4970,FIP,企业集团
4971,EPR,房地产投资信托
4973,HCAT,健康信息服务
4982,APA,石油与天然气
4983,HPQ,计算机硬件
4988,MMD,资产管理
4989,FDUS,资产管理
4991,DMB,资产管理
4995,IMRN,生物技术
4996,LPSN,软件
4997,LBRDA,电信服务
5002,BKR,石油与天然气
5003,IMMX,生物技术
5004,RVSB,银行
5005,MCVT,信用服务
5008,WLFC,租赁与租赁服务
5010,ZGN,服装制造
5011,BIOA,药品制造商
5012,PYPL,信用服务
5015,MDWD,生物技术
5016,ALCO,农产品
5017,CSCO,通信设备
5019,INTA,软件
5023,FPI,房地产投资信托
5032,GO,杂货店
5040,CBFV,银行
5041,IHG,住宿
5044,SNTI,生物技术
5047,INVH,房地产投资信托
5048,BERY,包装与容器
5051,SIBN,医疗设备
5055,MYI,资产管理
5057,IDYA,生物技术
5059,VAL,石油与天然气
5062,TRC,企业集团
5064,LVO,娱乐
5066,DADA,互联网零售
5067,BCX,资产管理
5071,UK,房地产
5072,MASI,医疗设备
5073,AR,石油与天然气
5077,BTCM,信息技术服务
5078,MTD,诊断与研究
5080,CPNG,互联网零售
5081,AM,石油与天然气
5082,DOCU,软件
5083,TRV,保险
5085,SAR,资产管理
5086,CRDF,生物技术
5088,FLG,银行
5089,AUPH,生物技术
5093,YQ,教育与培训服务
5095,RXT,软件
5098,CPA,航空公司
5099,YOTA,壳公司
5101,BXSL,资产管理
5102,TECK,工业金属与采矿
5103,NSYS,医疗设备
5104,BAND,软件
5105,NMR,资本市场
5106,GCV,资产管理
5109,NCV,资产管理
5118,BMRN,生物技术
5121,CSR,房地产投资信托
5122,UPB,生物技术
5127,GBTG,旅行服务
5131,USA,资产管理
5132,PRGS,软件
5133,RNTX,生物技术
5135,EPOW,电气设备与零件
5137,VNDA,生物技术
5138,BDJ,资产管理
5142,SILA,房地产投资信托
5143,BTMD,医疗设施
5146,ALGN,医疗仪器与用品
5150,SRE,公用事业
5157,EVH,健康信息服务
5159,AACG,教育与培训服务
5162,TKC,电信服务
5163,GSL,海运
5165,JCE,资产管理
5167,SELX,电子元件
5170,XERS,生物技术
5171,TRAK,软件
5173,MBINN,银行
5174,DLB,专业商业服务
5179,SOS,资本市场
5180,DORM,汽车零部件
5184,GABC,银行
5186,BGLC,专业化学品
5187,SLMBP,信用服务
5188,SAN,银行
5189,ALLR,生物技术
5192,DPZ,餐厅
5193,BFS,房地产投资信托
5194,IRMD,医疗设备
5195,CHTR,电信服务
5198,PTC,软件
5200,CPSS,信用服务
5203,SQFT,房地产投资信托
5204,A,诊断与研究
5205,ENPH,太阳能
5208,BEN,资产管理
5211,ASMB,生物技术
5212,KXIN,汽车与卡车经销
5213,OPXS,航空航天与国防
5214,UKOMW,房地产
5215,GORO,黄金
5217,PAA,石油与天然气
5220,CAH,医疗分销
5223,FLYW,软件
5225,EOI,资产管理
5228,SEDG,太阳能
5231,PI,半导体
5233,MNDO,软件
5234,ASR,机场与航空服务
5238,MMC,保险
5239,NUKKW,软件
5242,HEES,租赁与租赁服务
5243,NAUT,生物技术
5244,BAH,咨询服务
5245,FTAIN,租赁与租赁服务
5247,ALZN,生物技术
5249,FOA,信用服务
5250,RWT,房地产投资信托
5252,SBR,石油与天然气
5254,ATEN,软件
5255,ENR,电气设备与零件
5256,HUN,化学品
5258,GEF,包装与容器
5260,MVF,资产管理
5269,FUNC,银行
5270,DAWN,生物技术
5273,EDTK,教育与培训服务
5275,ARKO,专业零售
5278,CAPL,石油与天然气
5281,UHT,房地产投资信托
5286,ICFI,咨询服务
5288,NWSA,娱乐
5291,ETW,资产管理
5292,VEEV,健康信息服务
5293,ECF,资产管理
5294,CYBN,生物技术
5295,MHI,资产管理
5297,VRRM,基础设施运营
5300,GBX,铁路
5301,ATPC,包装食品
5302,PTEN,石油与天然气
5304,CQP,石油与天然气
5306,MG,安全与保护服务
5307,DLNG,石油与天然气
5311,LH,诊断与研究
5312,ACIU,生物技术
5313,SGA,广播
5315,FBP,银行
5316,CSX,铁路
5317,HUDI,钢铁
5318,INVX,石油与天然气
5319,GLQ,资产管理
5323,JMSB,银行
5327,RYN,房地产投资信托
5333,GD,航空航天与国防
5335,JWEL,互联网零售
5341,NYMTN,房地产投资信托
5345,VRM,汽车与卡车经销
5347,QLGN,生物技术
5349,MQY,资产管理
5350,SRBK,银行
5351,NRSN,生物技术
5354,TM,汽车制造
5355,HFRO,资产管理
5357,AIV,房地产投资信托
5360,HITI,药品零售商
5361,VRNS,软件
5363,NPK,航空航天与国防
5365,TRI,专业商业服务
5368,VOC,石油与天然气
5373,ALX,房地产投资信托
5375,MUA,资产管理
5376,NWG,银行
5378,DUO,房地产
5383,CRTO,广告代理
5384,BZFD,互联网内容与信息
5387,MNST,非酒精饮料
5390,EMF,资产管理
5392,HQL,资产管理
5393,BRCC,包装食品
5395,NWBI,银行
5400,GRX,资产管理
5401,CTEV,健康信息服务
5404,ATEX,电信服务
5405,ENIC,公用事业
5406,FNWD,银行
5409,IMAX,娱乐
5414,CLCO,石油与天然气
5415,DSYWW,家庭与个人用品
5418,LAW,软件
5423,KDP,非酒精饮料
5424,MSA,安全与保护服务
5426,MYTE,奢侈品
5429,ENB,石油与天然气
5431,EM,个人服务
5435,TFPM,贵金属与采矿
5437,NOC,航空航天与国防
5438,METCB,炼焦煤
5440,CMRE,海运
5441,RGP,咨询服务
5444,FSUN,银行
5446,CZWI,银行
5447,PRPO,诊断与研究
5449,TRN,铁路
5450,NUWE,医疗设备
5451,MTN,度假村与赌场
5455,WRN,工业金属与采矿
5456,MNDR,健康信息服务
5458,HPK,石油与天然气
5459,PRCH,软件
5461,FVCB,银行
5462,UBER,软件
5463,XPER,软件
5464,BCRX,药品制造商
5472,SAND,黄金
5473,SDST,电气设备与零件
5474,MOH,医疗计划
5475,MSEX,公用事业
5477,BWB,银行
5479,MYNZ,诊断与研究
5480,ACHC,医疗设施
5484,PGNY,医疗计划
5485,BGY,资产管理
5488,CEROW,生物技术
5489,NU,银行
5492,EVM,资产管理
5495,O,房地产投资信托
5497,IDE,资产管理
5499,CZFS,银行
5502,GNT,资产管理
5506,DLHC,专业商业服务
5510,FRSX,汽车零部件
5511,SYK,医疗设备
5512,WCN,废物管理
5515,SENS,医疗设备
5517,THW,资产管理
5519,LGI,资产管理
5520,JAMF,软件
5522,REI,石油与天然气
5524,GMRE,房地产投资信托
5525,CHW,资产管理
5526,TYG,资产管理
5532,SMG,农业投入品
5534,INTZ,软件
5535,STEW,资产管理
5537,GIL,服装制造
5540,ACP,资产管理
5542,ASRV,银行
5543,SER,生物技术
5548,VMD,医疗设备
5551,STNG,石油与天然气
5552,OSBC,银行
5553,AOMR,房地产投资信托
5555,RLJ,房地产投资信托
5559,MXF,资产管理
5560,VTEX,软件
5562,NHC,医疗设施
5563,EVT,资产管理
5564,ELTK,电子元件
5566,HON,企业集团
5567,NTWK,软件
5569,MYFW,银行
5570,BME,资产管理
5571,SLRX,生物技术
5572,SR,公用事业
5574,FCO,资产管理
5575,NATR,包装食品
5576,CDE,黄金
5577,KTTA,生物技术
5580,TRIP,旅行服务
5581,IVR,房地产投资信托
5587,SXT,专业化学品
5588,BMO,银行
5589,SPOT,互联网内容与信息
5591,NUV,资产管理
5592,BHFAP,保险
5593,NXC,资产管理
5597,GLO,资产管理
5598,PMM,资产管理
5600,VYX,信息技术服务
5607,GRWG,专业零售
5615,IBEX,信息技术服务
5616,CCK,包装与容器
5618,BKN,资产管理
5619,ABNB,旅行服务
5621,TOP,资本市场
5622,GTEC,汽车零部件
5624,EDUC,出版
5625,AWP,资产管理
5629,OZ,房地产
5633,EPC,家庭与个人用品
5634,MITT,房地产投资信托
5635,RLTY,资产管理
5637,CVS,医疗计划
5638,NAT,石油与天然气
5639,ROP,软件
5640,GHG,住宿
5641,FRAF,银行
5643,PSX,石油与天然气
5646,ENZ,诊断与研究
5647,AQN,公用事业
5648,PHIO,生物技术
5649,STRA,教育与培训服务
5650,JD,互联网零售
5652,NBTX,生物技术
5654,VYGR,生物技术
5657,BOSC,通信设备
5659,CLLS,生物技术
5660,SLI,工业金属与采矿
5671,WF,银行
5672,TECH,生物技术
5673,LFCR,药品制造商
5676,NWGL,木材与木制品生产
5677,DLX,企业集团
5678,SVM,白银
5679,CET,资产管理
5680,VRN,石油与天然气
5681,MSCI,金融数据与证券交易所
5682,EVTC,软件
5684,EL,家庭与个人用品
5687,CNC,医疗计划
5689,NAVI,信用服务
5690,SCD,资产管理
5697,SGRY,医疗设施
5698,MSGE,休闲
5699,PRE,诊断与研究
5700,SGMA,电子元件
5701,PHX,石油与天然气
5702,FCFS,信用服务
5704,VIPS,互联网零售
5712,ADSK,软件
5715,BVS,医疗设备
5717,VET,石油与天然气
5719,BWBBP,银行
5720,YIBO,计算机硬件
5722,DNP,资产管理
5726,DSWL,电子元件
5727,TIXT,软件
5729,QUAD,专业商业服务
5730,STRT,汽车零部件
5731,PAHC,药品制造商
5735,EVGN,生物技术
5736,EIX,公用事业
5738,RQI,资产管理
5739,DIS,娱乐
5741,BRT,房地产投资信托
5744,ARTNA,公用事业
5746,AON,保险
5747,FLNG,石油与天然气
5748,HQH,资产管理
5753,MBIO,生物技术
5754,CMCL,黄金
5756,TRTX,房地产投资信托
5757,SLRC,资产管理
5760,KF,资产管理
5762,AZI,汽车与卡车经销
5764,RGT,资产管理
5766,BNS,银行
5769,BARK,专业零售
5770,HAE,医疗设备
5778,PEP,非酒精饮料
5780,ABT,医疗设备
5783,WB,互联网内容与信息
5784,TIPT,保险
5787,KGEI,石油与天然气
5790,TLPH,药品制造商
5792,DSM,资产管理
5798,DXF,信用服务
5800,PRTC,生物技术
5801,FNWB,银行
5803,ATO,公用事业
5805,HAFN,海运
5806,DHR,诊断与研究
5807,GCMG,资产管理
5808,GGB,钢铁
5809,PMT,房地产投资信托
5810,HOLX,医疗仪器与用品
5811,PAX,资产管理
5816,HPP,房地产投资信托
5817,SPAI,航空航天与国防
5818,MDLZ,糖果制造
5822,NCZ,资产管理
5824,SGD,房地产
5828,GFL,废物管理
5831,DNN,铀
5833,IART,医疗设备
5840,BZUN,互联网零售
5841,CREV,汽车零部件
5842,ALMS,生物技术
5844,HCM,药品制造商
5845,HLMN,工具与配件
5847,UBS,银行
5849,REAX,房地产
5850,CVKD,生物技术
5853,CL,家庭与个人用品
5854,MT,钢铁
5856,EOT,资产管理
5859,OXLC,资产管理
5860,SSTK,互联网内容与信息
5863,OFIX,医疗设备
5864,TS,石油与天然气
5867,DGICA,保险
5870,PLUG,电气设备与零件
5873,WDH,保险
5874,BUR,资产管理
5875,PKE,航空航天与国防
5877,SLNHP,资本市场
5879,TAP,啤酒饮料
5880,ECL,专业化学品
5882,KLC,教育与培训服务
5883,UTL,公用事业
5884,LFVN,包装食品
5887,LENZ,生物技术
5888,MFA,房地产投资信托
5889,WTM,保险
5890,GDOT,信用服务
5892,CINF,保险
5896,AMX,电信服务
5898,DAO,教育与培训服务
5901,BPT,石油与天然气
5906,CRC,石油与天然气
5914,WGO,休闲车辆
5916,NTIC,专业化学品
5918,HIO,资产管理
5920,SNDL,酒庄与酿酒厂
5922,LSTR,综合货运与物流
5925,PFLT,资产管理
5926,CSCI,生物技术
5928,BSL,资产管理
5929,GLAD,资产管理
5930,SCL,专业化学品
5932,APD,专业化学品
5936,IDXX,诊断与研究
5937,MPA,资产管理
5938,SJ,广播
5939,SLGN,包装与容器
5940,NVVE,专业零售
5943,SFL,海运
5945,ACN,信息技术服务
5946,WNS,信息技术服务
5947,LXRX,生物技术
5949,ICCC,生物技术
5952,ERIC,通信设备
5953,TXNM,公用事业
5954,PXS,石油与天然气
5955,X,钢铁
5956,FBRT,房地产投资信托
5957,MGX,生物技术
5958,UPS,综合货运与物流
5960,SELF,房地产投资信托
5961,AMPH,药品制造商
5964,APT,建筑产品与设备
5965,GAIN,资产管理
5966,CMBM,通信设备
5967,TSBK,银行
5968,CRT,石油与天然气
5970,BRN,石油与天然气
5973,TBN,石油与天然气
5974,AUTL,生物技术
5975,STX,计算机硬件
5977,FCT,资产管理
5980,ALTG,租赁与租赁服务
5982,OCFT,软件
5985,BGR,资产管理
5986,MHD,资产管理
5987,WM,废物管理
5989,TGNA,广播
5993,FBIO,生物技术
5995,FMC,农业投入品
5998,XBIT,生物技术
5999,AMSF,保险
6000,EFSI,银行
6001,VINP,资产管理
6004,AG,白银
6005,NFJ,资产管理
6006,JSPR,生物技术
6009,LYB,专业化学品
6010,LAND,房地产投资信托
6011,PBMWW,生物技术
6012,ECO,海运
6013,FCUV,科学与技术仪器
6015,CAMP,生物技术
6017,ENVB,生物技术
6019,FINW,银行
6020,CATO,服装零售
6021,CTVA,农业投入品
6022,MFIN,信用服务
6028,UNP,铁路
6030,CODX,医疗设备
6031,RGS,个人服务
6035,EFX,咨询服务
6037,NXP,资产管理
6041,SPLP,企业集团
6042,OPK,诊断与研究
6043,PAGP,石油与天然气
6047,FC,教育与培训服务
6053,CCIF,资产管理
6054,ALKS,药品制造商
6057,TRMD,石油与天然气
6060,PGEN,生物技术
6063,EEFT,软件
6065,EMO,资产管理
6066,ULBI,电气设备与零件
6067,JJSF,包装食品
6068,LGVN,生物技术
6070,ULS,专业商业服务
6072,ATYR,生物技术
6074,MLCO,度假村与赌场
6075,TEAF,资产管理
6076,NAMS,生物技术
6078,GB,软件
6079,GLV,资产管理
6082,CXE,资产管理
6084,CUBA,资产管理
6090,IGD,资产管理
6091,TLSI,医疗设备
6092,SPH,公用事业
6093,VIGL,生物技术
6094,EBMT,银行
6097,ERIE,保险
6099,SD,石油与天然气
6101,TTAN,软件
6102,ELME,房地产投资信托
6103,ARDT,医疗设施
6105,CHRW,综合货运与物流
6107,FSEA,银行
6108,DEC,石油与天然气
6109,PLYM,房地产投资信托
6110,EMX,工业金属与采矿
6111,BJ,折扣商店
6113,SBRA,房地产投资信托
6114,SARO,航空航天与国防
6124,GLUE,生物技术
6126,PHT,资产管理
6128,RDW,航空航天与国防
6131,NMI,资产管理
6132,PDO,独立石油与天然气
6134,RIV,资产管理
6137,IGA,资产管理
6138,BTA,资产管理
6140,ECC,资产管理
6144,BLUE,生物技术
6148,AVO,食品分销
6152,EMD,资产管理
6153,NVGS,石油与天然气
6154,BATRK,娱乐
6155,BIIB,药品制造商
6156,VLTO,污染与处理控制
6157,HSY,糖果制造
6158,NE,石油与天然气
6159,ACU,家庭与个人用品
6163,IAF,资产管理
6164,SYT,软件
6165,WLDS,消费电子
6166,SPOK,健康信息服务
6167,JBI,建筑产品与设备
6169,LWAY,包装食品
6170,GEG,资产管理
6174,RLX,烟草
6176,AB,资产管理
6179,TEVA,药品制造商
6181,GLPG,生物技术
6182,ICE,金融数据与证券交易所
6184,SSNC,软件
6190,SOBO,石油与天然气
6192,HES,石油与天然气
6194,CREX,软件
6196,MOVE,医疗设备
6199,CGNT,软件
6200,CRGX,生物技术
6202,IAE,资产管理
6204,EFOI,家装
6207,CTKB,医疗设备
6208,HNNA,资产管理
6216,ONC,生物技术
6217,CNL,黄金
6219,NBH,资产管理
6220,SHEN,电信服务
6222,DHY,资产管理
6224,CHWY,互联网零售
6225,ANSS,软件
6229,PAAS,黄金
6230,CERT,健康信息服务
6231,PSEC,资产管理
6235,MSFT,软件
6237,SUN,石油与天然气
6240,ETJ,资产管理
6242,ZBH,医疗设备
6244,GSIW,资本市场
6245,MSIF,资产管理
6250,EVG,资产管理
6253,JRI,资产管理
6254,VCV,资产管理
6255,RARE,生物技术
6259,GETY,互联网内容与信息
6261,BPYPP,房地产
6263,ALDX,生物技术
6265,MFIC,资产管理
6266,AOD,资产管理
6268,HLX,石油与天然气
6270,POAI,医疗仪器与用品
6276,ESGL,废物管理
6277,DRMAW,生物技术
6279,EGO,黄金
6280,SYY,食品分销
6281,OGS,公用事业
6284,BGB,资产管理
6285,UAN,农业投入品
6286,WBA,药品零售商
6287,CXAI,软件
6288,HIX,资产管理
6289,PHVS,生物技术
6290,BOWN,壳公司
6293,ANIK,药品制造商
6294,CTMX,生物技术
6299,CHN,资产管理
6303,WTBA,银行
6308,CNX,石油与天然气
6311,STRO,生物技术
6312,VRME,安全与保护服务
6313,TALO,石油与天然气
6315,RTO,专业商业服务
6325,IPA,生物技术
6326,ORMP,生物技术
6328,ASPN,建筑产品与设备
6331,GRVY,电子游戏与多媒体
6337,API,软件
6338,HTD,资产管理
6339,MMT,资产管理
6342,HTGC,资产管理
6345,PEG,公用事业
6346,CASS,专业商业服务
6347,TMO,诊断与研究
6349,PGR,保险
6350,CSV,个人服务
6351,RMM,资产管理
6354,DMO,资产管理
6355,MGEE,公用事业
6356,POR,公用事业
6359,ILMN,诊断与研究
6362,PAI,资产管理
6363,CCNEP,银行
6365,PMX,资产管理
6366,TAC,公用事业
6367,VABK,银行
6373,SIM,钢铁
6374,RVP,医疗仪器与用品
6378,UVV,烟草
6384,KO,非酒精饮料
6385,DHC,房地产投资信托
6386,EFR,资产管理
6388,LFMDP,健康信息服务
6391,ALL,保险
6392,OMH,房地产
6393,GBDC,资产管理
6394,OABI,生物技术
6395,VGM,资产管理
6398,GSIT,半导体
6399,CPHC,博彩
6403,UTMD,医疗仪器与用品
6407,CCRN,医疗设施
6409,UTG,资产管理
6410,OTLY,包装食品
6411,HTHT,住宿
6412,ATKR,电气设备与零件
6414,TPST,生物技术
6415,CIA,保险
6416,AMED,医疗设施
6417,VPV,资产管理
6418,OXSQ,资产管理
6420,GF,资产管理
6422,BKH,公用事业
6423,WLKP,化学品
6426,ALDFU,壳公司
6428,MSGS,娱乐
6433,KORE,电信服务
6437,JYNT,医疗设施
6438,SGMO,生物技术
6439,WKC,石油与天然气
6442,MYD,资产管理
6443,GPCR,生物技术
6444,REGN,生物技术
6447,OXLCO,资产管理
6450,SII,资产管理
6452,PKST,房地产投资信托
6454,DRH,房地产投资信托
6455,SHEL,石油与天然气
6457,HNW,资产管理
6458,FLC,资产管理
6459,OPCH,医疗设施
6462,APLE,房地产投资信托
6463,NOK,通信设备
6464,VLT,资产管理
6472,FINS,资产管理
6473,JBSS,包装食品
6475,PAXS,资产管理
6476,MIN,资产管理
6479,ROIV,生物技术
6482,LCUT,家装
6486,NEUP,生物技术
6487,GXO,综合货运与物流
6492,MANU,娱乐
6493,BYM,资产管理
6494,EXG,资产管理
6496,GDO,资产管理
6497,AFJKU,壳公司
6498,PAGS,软件
6506,KRMD,医疗仪器与用品
6508,ENFN,软件
6509,BOE,资产管理
6513,NMFC,资产管理
6515,FITBP,银行
6522,RADX,生物技术
6526,QGEN,诊断与研究
6527,MPLX,石油与天然气
6529,SVRA,生物技术
6532,NVRO,医疗设备
6533,AMBP,包装与容器
6538,COCHW,医疗设备
6543,VRSN,软件
6544,WLYB,出版
6545,MIY,资产管理
6548,DDL,杂货店
6551,WEX,软件
6552,PMF,资产管理
6553,TBCH,消费电子
6556,DECA,壳公司
6561,RGR,航空航天与国防
6562,ERC,资产管理
6563,CWST,废物管理
6566,OXLCN,资产管理
6568,BSM,石油与天然气
6569,KGC,黄金
6571,CHCT,房地产投资信托
6572,CEE,资产管理
6573,EIC,资产管理
6574,SAFE,房地产投资信托
6575,RFI,资产管理
6579,RXST,医疗设备
6580,MTR,石油与天然气
6581,KTF,资产管理
6582,TATT,航空航天与国防
6585,ETG,资产管理
6589,VERO,医疗设备
6590,CMPS,医疗设施
6595,ADC,房地产投资信托
6596,LEO,资产管理
6599,CMPR,专业商业服务
6611,MHF,资产管理
6612,VEL,抵押贷款金融
6618,CHGG,教育与培训服务
6620,LANC,包装食品
6624,NGD,黄金
6629,ERH,资产管理
6634,SOLV,健康信息服务
6640,EXLS,信息技术服务
6643,IVAC,专业工业机械
6644,CIF,资产管理
6647,TENB,软件
6649,SHLS,太阳能
6650,XBIO,生物技术
6656,EHI,资产管理
6657,TCBIO,银行
6661,VGAS,公用事业
6662,SABR,软件
6663,TWO,房地产投资信托
6668,TUYA,软件
6669,ADNT,汽车零部件
6670,CUBE,房地产投资信托
6673,SQFTW,房地产投资信托
6676,JHI,资产管理
6679,CDZI,公用事业
6680,RIO,工业金属与采矿
6681,ARDC,资产管理
6684,ML,软件
6686,PPT,资产管理
6688,DYCQ,壳公司
6690,TRX,黄金
6691,ZEPP,消费电子
6697,STAA,医疗仪器与用品
6707,DTST,信息技术服务
6711,BHK,资产管理
6712,HELE,家庭与个人用品
6713,FNLC,银行
6714,CVU,航空航天与国防
6715,PFN,资产管理
6720,SB,海运
6721,FFNW,银行
6723,NPFD,资产管理
6725,STAK,石油与天然气
6728,NWN,公用事业
6729,NMM,海运
6733,AFB,资产管理
6734,UMH,房地产投资信托
6735,DMF,资产管理
6736,MPV,资产管理
6739,CLDT,房地产投资信托
6745,INGN,医疗设备
6751,HSBC,银行
6754,REFI,房地产投资信托
6760,LND,农产品
6761,XOM,石油与天然气
6762,KVUE,家庭与个人用品
6763,GEHC,健康信息服务
6766,FDMT,生物技术
6767,FRGE,资本市场
6769,VERA,生物技术
6773,COP,石油与天然气
6775,CDZIP,公用事业
6776,KREF,房地产投资信托
6777,NAN,资产管理
6778,CSTM,铝业
6780,GTY,房地产投资信托
6789,MCRB,生物技术
6792,EEX,广告代理
6793,BSET,家装
6795,ESRT,房地产投资信托
6796,AQB,农产品
6798,DMLP,石油与天然气
6811,XOMA,生物技术
6813,NVG,资产管理
6815,FBYD,企业集团
6816,WIX,软件
6822,MCR,资产管理
6830,WES,石油与天然气
6831,VFL,资产管理
6832,AIXI,软件
6834,PML,资产管理
6837,CGEM,生物技术
6842,GRDN,医疗设施
6845,NCA,资产管理
6849,CIX,安全与保护服务
6855,RA,资产管理
6856,NXST,广播
6862,INHD,钢铁
6863,MNSB,银行
6865,PFL,资产管理
6875,OPTN,药品制造商
6876,ASIX,化学品
6880,TMCWW,工业金属与采矿
6899,BASE,软件
6902,KNSA,药品制造商
6902,PTPI,药品制造商
6903,LXEH,教育与培训服务
6905,SURG,电信服务
6906,HOFVW,娱乐
6907,XBPEW,软件
6908,CAPTW,建筑材料
6909,LCFYW,互联网内容与信息
6910,EDBL,农产品
6911,DGLY,互联网内容与信息
6913,LZMH,信息技术服务
6914,VSEEW,健康信息服务
6915,RDGT,药品零售商
6916,HOUR,互联网零售
6917,PAVMZ,医疗设备
6918,DATSW,软件
6919,ULY,软件
6920,AREB,鞋类与配饰
6921,LICN,专业商业服务
6922,THTX,生物技术
6923,BETRW,抵押贷款金融
6924,SHFSW,银行
6925,CDTTW,生物技术
6927,EPSM,酒庄与酿酒厂
6928,NVFY,家装
6930,NWTNW,汽车制造
6931,QNTM,药品制造商
6932,ATNM,生物技术
6933,ADGM,医疗设备
6935,HCAI,农用与重型建筑机械
6936,TBLAW,互联网内容与信息
6937,XYF,信用服务
6938,NVNI,软件
6939,WLDSW,消费电子
6940,AMODW,软件
6941,LPTX,生物技术
6943,IVDAW,安全与保护服务
6945,OXBRW,保险
6946,ADNWW,电气设备与零件
6947,RAINW,污染与处理控制
6948,OPTXW,电子元件
6949,JYD,综合货运与物流
6951,GIGGW,壳公司
6952,NGNE,生物技术
6953,CGTL,专业零售
6954,VS,软件
6956,LGHL,资本市场
6957,BEDU,教育与培训服务
6958,BIYA,软件
6959,VSEE,健康信息服务
6961,BAK,化学品
6962,PNBK,银行
6964,SLDPW,汽车零部件
6965,BSGM,医疗设备
6969,WCT,软件
6970,AYRO,汽车制造
6971,PHH,家庭与个人用品
6972,QSG,教育与培训服务
6974,KPLTW,软件
6975,BYON,互联网零售
6976,NWTG,休闲
6978,TXMD,药品制造商
6979,MOLN,生物技术
6980,BLNE,酒庄与酿酒厂
6981,DGNX,咨询服务
6982,CAPT,建筑材料
6983,TBH,电子游戏与多媒体
6984,HONDU,壳公司
6986,ICU,生物技术
6987,STSS,医疗仪器与用品
6988,CWD,资产管理
6989,RENT,服装零售
6993,CNEY,专业化学品
6994,YYAI,休闲
6996,PLUT,资本市场
6997,ICUCW,生物技术
6998,HPAI,软件
6999,ALVOW,药品制造商
7000,NAYA,医疗设备
7002,KYTX,生物技术
7006,SNYR,医疗分销
7007,RSVRW,娱乐
7009,GRABW,软件
7010,ARKR,餐厅
7011,RZLVW,软件
7015,HPH,资产管理
7016,GV,教育与培训服务
7017,LDTCW,软件
7018,GNLN,烟草
7019,TPCS,金属加工
7022,LGMK,健康信息服务
7023,PAVM,医疗设备
7024,DTSTW,信息技术服务
7025,ONCO,生物技术
7026,LITB,服装制造
7027,TPET,石油与天然气
7028,HDL,餐厅
7033,WVVIP,酒庄与酿酒厂
7034,PN,太阳能
7035,CYD,汽车制造
7037,AVD,农业投入品
7038,HCTI,健康信息服务
7040,NCSM,石油与天然气
7041,BOXL,通信设备
7043,GPATW,壳公司
7044,DRDBW,壳公司
7045,TRNR,个人服务
7046,MVO,石油与天然气
7047,FMTO,软件
7051,UHG,住宅建筑
7052,CLRO,通信设备
7053,LYEL,生物技术
7054,TOPP,卡车运输
7058,NWTN,汽车制造
7059,SRM,休闲
7060,SHPH,药品制造商
7061,ASBPW,生物技术
7064,EVC,广告代理
7065,MSC,度假村与赌场
7067,FAASW,软件
7069,SKGRU,壳公司
7070,ZOOZ,专业零售
7071,ASTC,科学与技术仪器
7074,GLE,信息技术服务
7076,GRAB,软件
7077,XAGE,家庭与个人用品
7078,RAIN,污染与处理控制
7080,MAIA,生物技术
7081,GNTA,生物技术
7082,AFRIW,农产品
7083,PODC,互联网内容与信息
7084,ELLO,公用事业
7085,QNRX,生物技术
7086,QFIN,信用服务
7088,XCUR,生物技术
7093,ENTO,生物技术
7094,LIEN,资产管理
7095,BGM,药品制造商
7097,RERE,互联网零售
7098,OCX,诊断与研究
7099,AEHL,建筑产品与设备
7101,HTZ,租赁与租赁服务
7102,BIOX,农业投入品
7103,CNTY,度假村与赌场
7104,SLE,互联网内容与信息
7106,KLRS,生物技术
7109,MWYN,家装
7111,HAIN,包装食品
7112,FTLF,包装食品
7114,IMG,包装食品
7115,CPOP,娱乐
7116,RILY,金融集团
7117,GPUS,航空航天与国防
7118,GIPRW,房地产投资信托
7119,HTOOW,公用事业
7120,TLK,电信服务
7121,LGCB,互联网零售
7124,VNCE,服装制造
7125,HHS,企业集团
7126,AGFY,农用与重型建筑机械
7127,TELA,医疗设备
7128,LIPO,生物技术
7129,HTCO,海运
7130,STEC,软件
7131,PEPG,生物技术
7133,ICCT,健康信息服务
7134,VINC,生物技术
7135,NEPH,医疗仪器与用品
7136,QVCGB,互联网零售
7137,ELAB,生物技术
7138,XFOR,生物技术
7140,BYFC,银行
7142,GP,农用与重型建筑机械
7144,NCNA,生物技术
7145,LSTA,生物技术
7146,ASA,资产管理
7147,DIBS,互联网零售
7149,USNA,包装食品
7150,SATX,通信设备
7151,AARD,生物技术
7152,NXTT,软件
7154,CING,生物技术
7156,CAR,租赁与租赁服务
7157,TAL,教育与培训服务
7158,MSPRW,健康信息服务
7159,VSTE,太阳能
7160,ACIC,保险
7161,CABO,电信服务
7163,AWX,废物管理
7164,CVR,工具与配件
7165,RMTI,药品制造商
7166,MVST,汽车零部件
7168,SPHL,住宅建筑
7169,CHSN,餐厅
7172,HBIO,医疗仪器与用品
7173,FOXXW,消费电子
7174,FDSB,银行
7175,AZ,软件
7178,BROG,石油与天然气
7180,YXT,软件
7181,NAMI,互联网内容与信息
7182,KOS,石油与天然气
7183,TSE,专业化学品
7184,WHG,资产管理
7185,RCMT,企业集团
7186,SONM,通信设备
7187,ADXN,生物技术
7188,FEAM,专业化学品
7190,FONR,诊断与研究
7191,MRVI,生物技术
7192,JUNS,生物技术
7199,COE,教育与培训服务
7202,IMKTA,杂货店
7203,NNDM,计算机硬件
7205,OST,电子元件
7206,AMCX,娱乐
7208,GTE,石油与天然气
7209,SPTN,食品分销
7212,PSTV,生物技术
7213,EDRY,海运
7214,ONL,房地产投资信托
7216,BKYI,安全与保护服务
7217,TSN,农产品
7218,DAR,包装食品
7220,NLSP,生物技术
7222,HRL,包装食品
7223,JKHY,信息技术服务
7224,KLG,包装食品
7225,KR,杂货店
7226,HTZWW,租赁与租赁服务
7227,IFBD,软件
7228,LAB,医疗设备
7230,DG,折扣商店
7231,CJMB,综合货运与物流
7232,INDO,石油与天然气
7233,GTBP,生物技术
7234,NTCL,软件
7235,SDOT,农产品
7236,OSTX,生物技术
7237,EQC,房地产投资信托
7238,CPB,包装食品
7239,ALBT,房地产
7240,YHC,酒庄与酿酒厂
7242,EVOK,药品制造商
7244,VEEA,信息技术服务
7245,KSCP,安全与保护服务
7246,RGCO,公用事业
7248,PARR,石油与天然气
7249,FLO,包装食品
7250,PVLA,生物技术
7251,LI,汽车制造
7252,NATH,餐厅
7254,GASS,海运
7256,AREN,互联网内容与信息
7257,JNVR,软件
7258,CLNN,包装食品
7259,PG,家庭与个人用品
7260,APRE,生物技术
7261,AIHS,信用服务
7262,CAG,包装食品
7263,MRCC,资产管理
7264,GIS,包装食品
7265,BPRN,银行
7266,ADM,农产品
7267,SBUX,餐厅
7268,DGICB,保险
7269,BMGL,医疗设施
7270,CKX,石油与天然气
7271,MCD,餐厅
7273,INVE,建筑产品与设备
7275,CF,农业投入品
7276,PARA,娱乐
7277,CENX,铝业
7279,EML,工具与配件
7280,CRCT,计算机硬件
7281,TTE,石油与天然气
7282,NVNIW,软件
7284,CARA,生物技术
7285,WPC,房地产投资信托
7288,EXEEZ,石油与天然气
7289,GPK,包装与容器
7290,GNFT,生物技术
7291,YUMC,餐厅
7292,LSBPW,生物技术
7293,KHC,包装食品
7294,CTRM,海运
7295,TR,糖果制造
7296,IMNM,生物技术
7297,INNV,医疗设施
7299,ASNS,通信设备
7300,TRS,包装与容器
7301,MNRO,汽车零部件
7302,SMTK,半导体设备与材料
7303,FG,保险
7304,DRCT,广告代理
7305,CVGW,食品分销
7307,NEGG,互联网零售
7308,POST,包装食品
7310,LBTYK,电信服务
7311,KMB,家庭与个人用品
7312,D,公用事业
7313,PDLB,银行
7314,BOTJ,银行
7315,VLGEA,杂货店
7316,QSR,餐厅
7319,SOND,住宿
7320,DOLE,农产品
7322,MTNB,生物技术
7323,SCLX,药品制造商
7324,HCVIU,壳公司
7325,BALL,包装与容器
7326,YUM,餐厅
7327,CSIQ,太阳能
7328,MO,烟草
7330,VANI,生物技术
7331,CWT,公用事业
7332,EDU,教育与培训服务
7333,ED,公用事业
7335,LIDR,软件
7336,CNK,娱乐
7337,DHAI,医疗设备
7338,NXPL,软件
7339,TIMB,电信服务
7340,ASPS,房地产
7342,WMK,杂货店
7343,WTRG,公用事业
7344,CMS,公用事业
7345,SANW,农产品
7346,AEE,公用事业
7349,EVRG,公用事业
7351,CMMB,生物技术
7352,INLX,软件
7353,CBOE,金融数据与证券交易所
7354,MDIA,广播
7357,NAGE,生物技术
7358,NEXA,工业金属与采矿
7360,NBR,石油与天然气
7361,IZM,电子与计算机分销
7362,HLF,包装食品
7363,GAN,博彩
7364,PLAG,企业集团
7365,UUU,安全与保护服务
7366,ACI,杂货店
7367,BAER,安全与保护服务
7368,ELV,医疗计划
7369,BAYAU,壳公司
7370,NEE,公用事业
7371,BRLS,包装食品
7374,VIV,电信服务
7375,PNW,公用事业
7376,PRMB,非酒精饮料
7377,OLPX,专业零售
7378,VZ,电信服务
7379,RBKB,银行
7381,ES,公用事业
7382,LGHLW,资本市场
7383,LBTYA,电信服务
7384,SON,包装与容器
7385,KOF,非酒精饮料
7386,AWR,公用事业
7387,FORD,鞋类与配饰
7388,BANX,资产管理
7389,PPL,公用事业
7390,SO,公用事业
7391,BEKE,房地产
7392,OXY,石油与天然气
7394,CHD,家庭与个人用品
7395,BAFN,银行
7396,SILO,生物技术
7397,VMAR,休闲车辆
7398,VRSK,咨询服务
7399,SJW,公用事业
7400,XEL,公用事业
7401,CCEP,非酒精饮料
7402,BBDO,银行
7403,IMOS,半导体
7404,TU,电信服务
7405,ETR,公用事业
7407,WEC,公用事业
7408,RWAY,信用服务
7409,RC,房地产投资信托
7410,XP,资本市场
7411,LSEAW,房地产
7412,AWK,公用事业
7414,MASK,软件
7416,FE,公用事业
7417,SKBL,工程与建筑
7418,PM,烟草
7419,CTLP,信息技术服务
7422,MNPR,生物技术
7423,MEC,金属加工
7424,EXEEL,石油与天然气
7425,TK,石油与天然气
7426,AEP,公用事业
7427,EQNR,石油与天然气
7428,IGC,生物技术
7429,SUI,房地产投资信托
7430,IQ,娱乐
7431,HOVRW,航空航天与国防
7432,NOMD,包装食品
7433,CB,保险
7434,FSI,专业化学品
7436,GSUN,教育与培训服务
7437,YORW,公用事业
7438,RHLD,专业商业服务
7439,ASUR,软件
7441,IE,铜业
7442,ANEB,生物技术
7444,AFBI,银行
7445,WEN,餐厅
7446,PZG,黄金
7448,BANL,石油与天然气
7449,OCC,通信设备
7450,FDP,农产品
7452,GILD,药品制造商
7453,ADV,广告代理
7454,IDA,公用事业
7455,BON,专业化学品
7456,OTIS,专业工业机械
7457,BDMD,医疗设备
7458,WU,信用服务
7459,T,电信服务
7460,HTCR,软件
7462,SSL,专业化学品
7464,CVX,石油与天然气
7465,LNT,公用事业
7467,SCNI,生物技术
7468,MCS,娱乐
7472,SLRN,生物技术
7473,IT,信息技术服务
7474,BSII,壳公司
7475,NXU,电气设备与零件
7476,KRON,生物技术
7478,NUS,家庭与个人用品
7479,PET,软件
7480,ODP,专业零售
7481,IAG,黄金
7482,CMCSA,电信服务
7484,CODA,航空航天与国防
7486,HAO,广告代理
7488,NRP,热煤
7489,ATHE,生物技术
7490,RCI,电信服务
7491,EBF,商业设备与用品
7492,PRZO,航空航天与国防
7493,DINO,石油与天然气
7494,OP,海运
7495,KLXE,石油与天然气
7496,WMG,娱乐
7497,CNXC,信息技术服务
7498,AIEV,汽车制造
7499,GPMT,房地产投资信托
7500,BLTE,生物技术
7501,OI,包装与容器
7502,III,信息技术服务
7503,COR,医疗分销
7505,IRIX,医疗设备
7507,SYNX,通信设备
7509,URGN,生物技术
7510,SY,健康信息服务
7511,CVI,石油与天然气
7512,UFI,纺织制造
7513,CMP,工业金属与采矿
7514,BEAT,健康信息服务
7515,FINV,信用服务
7516,SKYH,航空航天与国防
7517,IMTXW,生物技术
7519,NNNN,医疗仪器与用品
7520,BG,农产品
7521,ATNI,电信服务
7522,MASS,医疗设备
7523,DBVT,生物技术
7524,TURN,资产管理
7526,MGY,石油与天然气
7527,DRVN,汽车与卡车经销
7529,CGBD,资产管理
7530,TNFA,生物技术
7532,IFF,专业化学品
7533,ABLV,广告代理
7534,SONY,消费电子
7535,ZTS,药品制造商
7536,OTTR,企业集团
7537,FUSB,银行
7539,AOS,专业工业机械
7542,OMC,广告代理
7543,NCRA,包装食品
7544,UNH,医疗计划
7545,MAMO,休闲车辆
7546,NGG,公用事业
7547,DTE,公用事业
7549,INTR,银行
7550,BGSF,人力资源与就业服务
7551,BRY,石油与天然气
7552,AGL,医疗设施
7553,DUK,公用事业
7554,LXU,化学品
7555,UTZ,包装食品
7556,CNP,公用事业
7558,MODD,医疗设备
7559,SWKH,资产管理
7560,BBD,银行
7562,LIN,专业化学品
7563,ZH,互联网内容与信息
7564,EC,石油与天然气
7565,CLX,家庭与个人用品
7566,IEP,石油与天然气
7567,UNF,专业商业服务
7568,PW,房地产投资信托
7569,SKGR,壳公司
7570,IMPPP,石油与天然气
7571,PARAA,娱乐
7572,IKT,生物技术
7573,HLXB,壳公司
7574,PNNT,资产管理
7577,DAIO,电子元件
7578,NVCT,生物技术
7581,GAU,黄金
7582,GLU,资产管理
7583,MKC,包装食品
7584,PANL,海运
7586,RELI,保险
7587,TAIT,电子与计算机分销
7588,GPRE,化学品
7589,RMBI,银行
7590,NC,热煤
7591,CCEL,医疗设施
7592,PBF,石油与天然气
7594,HCSG,医疗设施
7595,KTCC,计算机硬件
7596,LILAK,电信服务
7598,ECCC,资产管理
7599,IPG,广告代理
7601,AVA,公用事业
7602,RSSS,软件
7604,CEP,壳公司
7605,FGL,工程与建筑
7606,NTR,农业投入品
7607,NFG,石油与天然气
7608,NJR,公用事业
7610,ACOG,生物技术
7612,DEO,酒庄与酿酒厂
7614,PALI,生物技术
7615,TFX,医疗仪器与用品
7616,TPVG,资产管理
7617,LMT,航空航天与国防
7618,BCBP,银行
7619,CPSH,电子元件
7620,TNC,专业工业机械
7622,KT,电信服务
7624,MKTX,资本市场
7625,ELSE,科学与技术仪器
7626,BILI,互联网内容与信息
7627,MKZR,房地产投资信托
7628,HRMY,生物技术
7630,YAAS,软件
7631,NWFL,银行
7633,REYN,包装与容器
7634,LANDP,房地产投资信托
7635,HIT,软件
7636,TRT,半导体设备与材料
7638,CCI,房地产投资信托
7639,DK,石油与天然气
7640,MOMO,互联网内容与信息
7642,PHAR,生物技术
7644,ESBA,房地产投资信托
7645,AWRE,软件
7647,ESGR,保险
7649,BRKR,医疗设备
7652,FENC,生物技术
7655,FMST,工业金属与采矿
7657,LILA,电信服务
7661,SFBC,银行
7662,PRGO,药品制造商
7664,JOF,资产管理
7665,FOX,娱乐
7666,DGX,诊断与研究
7668,SID,钢铁
7669,ELPC,公用事业
7670,SOHOB,房地产投资信托
7672,GTX,汽车零部件
7673,AFYA,教育与培训服务
7674,XRX,信息技术服务
7675,VCSA,旅行服务
7676,SCM,资产管理
7677,CPAC,建筑材料
7678,SEER,生物技术
7680,FSP,房地产投资信托
7681,LUD,钢铁
7682,OESX,家装
7683,RAND,资产管理
7685,HCWB,生物技术
7687,BCE,电信服务
7689,CRWS,家装
7691,FTS,公用事业
7692,PZZA,餐厅
7693,ESP,电气设备与零件
7694,EGY,石油与天然气
7696,IMCR,生物技术
7699,ELS,房地产投资信托
7700,UTF,资产管理
7702,MPC,石油与天然气
7704,SBGI,广播
7706,EA,电子游戏与多媒体
7708,SNFCA,抵押贷款金融
7709,IGT,博彩
7710,HFBL,银行
7711,SBSW,贵金属与采矿
7714,CELZ,生物技术
7715,FOXA,娱乐
7719,FCAP,银行
7720,TEF,电信服务
7721,ARMK,专业商业服务
7723,CEPO,壳公司
7726,CLPS,信息技术服务
7728,JNJ,药品制造商
7729,PBR,石油与天然气
7730,EMCG,壳公司
7731,FDS,金融数据与证券交易所
7732,PTY,资产管理
7733,MGPI,酒庄与酿酒厂
7735,ACNB,银行
7737,SOTK,科学与技术仪器
7738,TRUG,电子游戏与多媒体
7740,ELP,公用事业
7743,OBLG,软件
7745,BGT,资产管理
7747,VALE,工业金属与采矿
7751,AMPS,公用事业
7752,GSRT,壳公司
7753,BFIN,银行
7754,EXOZ,生物技术
7755,NYT,出版
7758,E,石油与天然气
7759,BP,石油与天然气
7764,NYMTL,房地产投资信托
7765,SIF,航空航天与国防
7767,DMYY,壳公司
7768,LGTY,软件
7769,TCRX,生物技术
7772,SSBK,银行
7773,VERX,软件
7775,HMST,银行
7776,GBLI,保险
7777,EICA,资产管理
7778,SSBI,银行
7779,FEDU,教育与培训服务
7781,DXLG,服装零售
7782,GOTU,教育与培训服务
7783,OCSL,资产管理
7784,FORR,咨询服务
7785,BGX,资产管理
7786,MGF,资产管理
7788,ALUR,医疗设备
7789,RDUS,钢铁
7790,CHSCO,农产品
7791,WHF,资产管理
7792,ENLT,公用事业
7794,LPL,消费电子
7795,LPA,房地产
7799,HPF,资产管理
7800,GECC,资产管理
7802,ZTO,综合货运与物流
7803,FERAU,壳公司
7804,GWH,电气设备与零件
7806,APTO,生物技术
7808,GIGGU,壳公司
7813,LIVE,家居改善零售
7816,BLKB,软件
7818,ONBPO,银行
7821,BUD,啤酒饮料
7822,ALE,公用事业
7823,KURA,生物技术
7826,BTI,烟草
7827,TACT,计算机硬件
7828,MRK,药品制造商
7833,BGH,资产管理
7836,BSLKW,壳公司
7837,CNF,抵押贷款金融
7838,PRSO,半导体
7839,DYNX,壳公司
7840,OWLT,医疗设备
7841,GMM,信息技术服务
7842,JWN,百货商店
7843,CME,金融数据与证券交易所
7844,AMT,房地产投资信托
7845,PETS,药品零售商
7847,AUBN,银行
7848,TUSK,企业集团
7851,OXLCP,资产管理
7852,GBAB,资产管理
7853,DKL,石油与天然气
7856,EH,航空航天与国防
7857,CSWC,资产管理
7858,FYBR,电信服务
7860,STI,电气设备与零件
7862,HRZN,资产管理
7863,JHX,建筑材料
7866,MHH,人力资源与就业服务
7867,ACRE,房地产投资信托
7868,SFWL,综合货运与物流
7871,PRA,保险
7873,NRT,石油与天然气
7874,AVNS,医疗设备
7875,VBF,资产管理
7876,PHK,资产管理
7877,JACS,壳公司
7878,STWD,房地产投资信托
7879,CMT,专业化学品
7880,TSVT,生物技术
7883,YOTAW,壳公司
7884,DRDBU,壳公司
7886,NTZ,家装
7887,EURK,壳公司
7890,PCYO,公用事业
7891,AAM,壳公司
7892,IGR,资产管理
7893,KVACU,壳公司
7896,SBAC,房地产投资信托
7897,HYAC,壳公司
7898,ATHM,互联网内容与信息
7900,HSHP,海运
7903,UL,家庭与个人用品
7906,PENN,度假村与赌场
7907,ISRLU,壳公司
7908,DPG,资产管理
7909,NYMTZ,房地产投资信托
7911,EFT,资产管理
7917,FRA,资产管理
7922,JMM,资产管理
7923,JGH,资产管理
7925,LARK,银行
7932,NHS,资产管理
7934,VGZ,黄金
7935,COKE,非酒精饮料
7936,MSBIP,银行
7937,PYCR,软件
7938,TEN,石油与天然气
7940,ECCF,资产管理
7941,CMRX,生物技术
7943,MCRI,度假村与赌场
7944,OCCIM,资产管理
7945,CWCO,公用事业
7946,NNY,资产管理
7952,PTVE,包装与容器
7956,KFIIU,壳公司
7957,ALDF,壳公司
7958,LVS,度假村与赌场
7960,DESP,旅行服务
7961,WVVI,酒庄与酿酒厂
7962,FVN,壳公司
7964,YHNA,壳公司
7965,HLN,药品制造商
7966,IBAC,壳公司
7969,TECTP,银行
7970,MITQ,通信设备
7972,GCBC,银行
7980,IVCA,壳公司
7981,EUDAW,健康信息服务
7982,ABR,房地产投资信托
7989,FNA,医疗设备
7994,TGI,航空航天与国防
7997,FER,基础设施运营
7998,IGI,资产管理
8001,K,包装食品
8002,PCN,资产管理
8003,IROQ,银行
8004,NMT,资产管理
8005,ALHC,医疗计划
8009,JNPR,通信设备
8012,FGBIP,银行
8015,ANSC,壳公司
8019,NOEM,壳公司
8023,SCHL,出版
8029,RNP,资产管理
8030,WTFCM,银行
8031,NICE,软件
8043,EICC,资产管理
8045,WSBCP,银行
8050,BMY,药品制造商
8051,NETDW,壳公司
8052,FAAS,软件
8059,BECN,工业分销
8070,KZIA,生物技术
8095,BTSGU,健康信息服务
8110,GERN,生物技术
8111,GGN,资产管理
8113,GIG,壳公司
8114,HLP,钢铁
8115,GLBZ,银行
8118,MGYR,银行
8119,GRNQ,咨询服务
8120,GRAF,壳公司
8122,EOLS,药品制造商
8123,ERAS,生物技术
8124,EURKU,壳公司
8128,KFFB,银行
8129,IONR,工业金属与采矿
8130,ISPOW,旅行服务
8131,ISRL,壳公司
8132,JFB,房地产
8133,JFU,信息技术服务
8134,GLAC,壳公司
8135,JQC,资产管理
8136,JRSH,服装制造
8138,JVSA,壳公司
8139,KELYB,人力资源与就业服务
8141,IROH,壳公司
8148,OAKU,壳公司
8149,OAKUU,壳公司
8150,ELBM,工业金属与采矿
8151,ODYS,科学与技术仪器
8152,OGCP,房地产投资信托
8154,KFII,壳公司
8155,KNDI,汽车零部件
8156,KVAC,壳公司
8157,KYN,资产管理
8158,LBRDP,电信服务
8161,LUCD,医疗设备
8162,LVLU,服装零售
8164,MAYS,房地产
8165,MBNKP,银行
8168,ICL,农业投入品
8170,NOEMW,壳公司
8172,NTRBW,生物技术
8180,CFSB,银行
8183,CKPT,生物技术
8185,CLMT,专业化学品
8187,CLRC,壳公司
8189,LEGT,壳公司
8191,AMTD,资产管理
8192,ANSCW,壳公司
8193,AP,金属加工
8194,BQ,专业零售
8195,BREA,娱乐
8196,BRLSW,包装食品
8197,BSLK,壳公司
8198,OCFCP,银行
8199,BEAG,壳公司
8201,ATLCP,信用服务
8202,ATSG,航空公司
8205,CELUW,生物技术
8206,ARKOW,专业零售
8208,AGNCP,房地产投资信托
8209,AEF,资产管理
8212,AACT,壳公司
8213,UMBFP,银行
8214,CCGWW,互联网内容与信息
8219,CURIW,广播
8220,CYCCP,生物技术
8225,GYRO,房地产
8229,HSPO,壳公司
8230,HSPOU,壳公司
8232,HTLM,专业零售
8233,EEIQ,教育与培训服务
8234,GBBK,壳公司
8236,,半导体
8237,FGMC,壳公司
8240,CPIX,药品制造商
8241,FRMEP,银行
8243,CREG,公用事业
8246,DATS,软件
8247,CMND,生物技术
8248,CNCKW,资本市场
8250,COLA,壳公司
8251,COLAU,壳公司
8258,THS,包装食品
8259,TLYS,服装零售
8262,SNAL,电子游戏与多媒体
8263,UTSI,通信设备
8266,ZKIN,钢铁
8268,XTLB,生物技术
8269,ZBAI,资本市场
8270,WNC,农用与重型建筑机械
8271,WOK,医疗设备
8274,SEAT,互联网内容与信息
8275,SENEA,包装食品
8276,SENEB,包装食品
8278,SGRP,专业商业服务
8279,SKM,电信服务
8286,BGS,包装食品
8287,ATMC,壳公司
8289,BKDT,医疗设施
8290,BKHA,壳公司
8294,BOWNU,壳公司
8296,BDL,餐厅
8297,ZEOWW,太阳能
8298,UG,家庭与个人用品
8299,ACCD,健康信息服务
8303,CCEC,海运
8304,AITR,壳公司
8305,NXN,资产管理
8307,BDMDW,医疗设备
8310,BMN,资产管理
8316,ASPC,壳公司
8318,DTSQ,壳公司
8319,DIST,壳公司
8321,DMA,资产管理
8326,DSX,海运
8328,NBY,生物技术
8329,NEOVW,电气设备与零件
8330,NETDU,壳公司
8331,NKX,资产管理
8332,NML,资产管理
8333,SCLXW,药品制造商
8336,RVMDW,生物技术
8339,SBFM,药品制造商
8340,SBFMW,药品制造商
8341,SBXD,壳公司
8344,ROMA,咨询服务
8350,PERI,互联网内容与信息
8351,PETWW,软件
8352,PFO,资产管理
8353,PFX,资产管理
8355,PIIIW,医疗设施
8356,PIM,资产管理
8358,PLYA,度假村与赌场
8359,POCI,医疗仪器与用品
8360,NOEMU,壳公司
8363,MNOV,生物技术
8364,MNSBP,银行
8365,NAMSW,生物技术
8369,PRENW,诊断与研究
8372,SACH,房地产投资信托
8373,PTMN,资产管理
8378,VOXR,贵金属与采矿
8379,VRMEW,安全与保护服务
8380,VSTEW,太阳能
8384,QIPT,医疗设备
8386,ORGNW,化学品
8392,PDCO,医疗分销
8393,TDACU,壳公司
8394,AIMBU,壳公司
8395,SNPX,生物技术
8396,SOHON,房地产投资信托
8401,SVII,壳公司
8402,SVREW,科学与技术仪器
8403,TBMC,壳公司
8404,TDACW,壳公司
8407,WTFCP,银行
8415,ITCI,药品制造商
8417,ARTL,生物技术
8418,XOMAO,生物技术
8420,ABBV,药品制造商
8429,ASGN,信息技术服务
8436,PSIG,综合货运与物流
8460,LANDM,房地产投资信托
8474,FMAO,银行
8492,VEON,电信服务
8494,BDX,医疗仪器与用品
8495,MOBX,半导体
8517,SWI,软件
8548,HURC,专业工业机械
8549,AGNCN,房地产投资信托
8552,VBFC,银行
8558,DARE,生物技术
8560,OGN,药品制造商
8572,TAOP,软件
8573,SNN,医疗设备
8577,OPOF,银行
8582,FMY,资产管理
8584,AGS,博彩
8601,CHSCL,农产品
8605,EICB,资产管理
8621,MCK,医疗分销
8625,NPCT,资产管理
8627,QETA,壳公司
8630,MTAL,铜业
8635,PGZ,资产管理
8641,FGMCU,壳公司
8645,BKTI,通信设备
8646,TOMZ,污染与处理控制
8650,OCS,生物技术
8651,ARI,房地产投资信托
8652,FSHP,壳公司
8658,DBL,资产管理
8663,TBPH,生物技术
8674,JLS,资产管理
8676,PHD,资产管理
8682,DNTH,生物技术
8688,JFR,资产管理
8696,VOXX,消费电子
8699,ICLR,诊断与研究
8701,TAK,药品制造商
8705,DOYU,互联网内容与信息
8711,BIT,资产管理
8712,HCVI,壳公司
8723,PHI,电信服务
8729,BXMT,房地产投资信托
8741,SHCO,住宿
8742,LSF,包装食品
8744,PCM,资产管理
8762,RCS,资产管理
8765,NSTS,银行
8767,HBI,服装制造
8770,AU,黄金
8771,GLP,石油与天然气
8772,ETX,资产管理
8775,AIRT,企业集团
8776,CNOBP,银行
8777,PCK,资产管理
8787,BGFV,专业零售
8797,FORL,壳公司
8800,NETD,壳公司
8801,UWMC,抵押贷款金融
8804,FMX,啤酒饮料
8827,BTZ,资产管理
8832,CSAN,石油与天然气
8835,GOODN,房地产投资信托
8836,TDF,资产管理
8840,SLNG,石油与天然气
8847,ABEO,生物技术
8850,DHF,资产管理
8863,TSI,资产管理
8874,HYT,资产管理
8879,BNAI,软件
8882,XTNT,医疗设备
8883,LNSR,医疗设备
8887,FATBP,餐厅
8888,BSBR,银行
8893,CLST,银行
8899,WIA,资产管理
8906,PCQ,资产管理
8909,MOS,农业投入品
8911,NVS,药品制造商
8914,EVRI,博彩
8921,SDA,汽车与卡车经销
8925,FF,专业化学品
8929,FITBI,银行
8930,ITOS,生物技术
8940,GFI,黄金
8944,RYAAY,航空公司
8949,NEOG,诊断与研究
8952,BTT,资产管理
8954,KIO,资产管理
8956,OPHC,银行
8960,GSBD,资产管理
8978,REBN,餐厅
8984,JRS,资产管理
8988,FENG,互联网内容与信息
8998,VGI,资产管理
9002,FBLA,银行
9009,MCTR,广告代理
9011,AGNCL,房地产投资信托
9026,CCLDO,健康信息服务
9032,LGO,工业金属与采矿
9034,BL,软件
9036,NYMTM,房地产投资信托
9038,DAC,海运
9041,TRIN,资产管理
9051,EZGO,休闲车辆
9057,IRS,房地产
9066,PZC,资产管理
9067,BBN,资产管理
9068,OFLX,专业工业机械
9071,VFS,汽车制造
9074,TDAC,壳公司
9075,VIASP,公用事业
9084,IPX,工业金属与采矿
9085,SQFTP,房地产投资信托
9088,EDD,资产管理
9090,SSP,广播
9095,HYI,资产管理
9097,LEVI,服装制造
9102,LYRA,生物技术
9107,OCCIN,资产管理
9118,AGNCM,房地产投资信托
9121,PLSE,医疗仪器与用品
9127,UGP,石油与天然气
9129,TOYO,太阳能
9130,OFS,资产管理
9133,AUUD,软件
9135,ABPWW,生物技术
9137,NAZ,资产管理
9138,WAFDP,银行
9139,LU,信用服务
9148,NPV,资产管理
9155,ISPR,烟草
9156,CIK,资产管理
9158,BKT,资产管理
9160,ENTA,生物技术
9165,BKD,医疗设施
9167,NEM,黄金
9190,COTY,家庭与个人用品
9191,NWS,娱乐
9197,BLW,资产管理
9198,STG,教育与培训服务
9201,AMGN,药品制造商
9202,QD,信用服务
9204,AVDL,药品制造商
9208,PGP,资产管理
9214,MFM,资产管理
9216,BTBD,餐厅
9218,ARCO,餐厅
9220,CLIR,污染与处理控制
9225,BABA,互联网零售
9227,JPC,资产管理
9231,DSU,资产管理
9234,ECBK,银行
9235,HPS,资产管理
9237,ESGRO,保险
9242,DFP,资产管理
9244,LPBBU,壳公司
9250,FT,资产管理
9256,APM,生物技术
9258,TIGO,电信服务
9262,ENX,资产管理
9263,VKQ,资产管理
9265,BBDC,资产管理
9266,NMS,资产管理
9275,MDT,医疗设备
9289,HPI,资产管理
9292,ONIT,抵押贷款金融
9296,SIGIP,保险
9297,JPI,资产管理
9298,AVTR,医疗仪器与用品
9301,SDSTW,电气设备与零件
9311,TURB,太阳能
9316,VLYPN,银行
9317,BGI,奢侈品
9319,CHSCM,农产品
9325,SPR,航空航天与国防
9328,AZN,药品制造商
9334,GNK,海运
9339,PCF,资产管理
9340,SOGP,互联网内容与信息
9341,OCCIO,资产管理
9350,AWF,资产管理
9351,PDT,资产管理
9354,SEB,企业集团
9356,DSL,资产管理
9360,SST,专业商业服务
9362,G,信息技术服务
9371,VIST,石油与天然气
9374,EQS,资产管理
9375,VLYPO,银行
9381,EVV,资产管理
9383,EDAP,医疗分销
9384,MUJ,资产管理
9385,CHT,电信服务
9387,FSHPU,壳公司
9392,EFSCP,银行
9393,PDI,资产管理
9396,FATBB,餐厅
9400,NBB,资产管理
9412,MARPS,石油与天然气
9419,GSM,工业金属与采矿
9420,SWBI,航空航天与国防
9421,SBLK,海运
9423,FVR,房地产投资信托
9426,KRT,包装与容器
9427,COEP,生物技术
9430,PNF,资产管理
9432,CWEN,公用事业
9435,YETI,休闲
9437,DTF,资产管理
9438,JHS,资产管理
9439,TSLX,资产管理
9441,ATLX,工业金属与采矿
9444,IMMP,生物技术
9449,CIG,公用事业
9451,XOMAP,生物技术
9457,EBR,公用事业
9459,PNFPP,银行
9464,MRNOW,房地产
9466,VENU,餐厅
9472,MXE,资产管理
9473,RGLD,黄金
9481,CGBSW,石油与天然气
9484,MRAM,半导体
9486,OPP,资产管理
9488,FOUR,软件
9490,VALU,金融数据与证券交易所
9495,PMO,资产管理
9496,LANDO,房地产投资信托
9498,PLL,工业金属与采矿
9507,MAPSW,软件
9511,WOW,电信服务
9516,PSF,资产管理
9517,ACTG,商业设备与用品
9521,VLYPP,银行
9525,COYA,生物技术
9526,SBS,公用事业
9527,STVN,医疗仪器与用品
9528,NEA,资产管理
9530,FBIOP,生物技术
9531,FCEL,电气设备与零件
9532,FTF,资产管理
9533,IQI,资产管理
9539,AVIR,生物技术
9540,HMY,黄金
9546,AOUT,休闲
9548,CFBK,银行
9552,FMN,资产管理
9554,PVL,石油与天然气
9555,DCOMP,银行
9565,CCU,啤酒饮料
9569,RCON,石油与天然气
9573,EKSO,医疗仪器与用品
9579,AEM,黄金
9581,GDL,资产管理
9590,TFINP,银行
9591,TYRA,生物技术
9592,CIM,房地产投资信托
9594,BRSP,房地产投资信托
9595,BVFL,银行
9596,SABA,资产管理
9600,RANI,生物技术
9602,NAD,资产管理
9606,WIW,资产管理
9608,WFCF,专业商业服务
9610,INCR,药品制造商
9615,HWH,休闲
9616,SMC,石油与天然气
9621,FPF,资产管理
9622,GSK,药品制造商
9625,CMU,资产管理
9629,NAC,资产管理
9631,PFD,资产管理
9639,TCBS,银行
9644,FURY,工业金属与采矿
9653,SUZ,纸与纸制品
9655,UEC,铀
9656,PBBK,银行
9662,NXJ,资产管理
9665,ONBPP,银行
9666,IQV,诊断与研究
9668,KOPN,电子元件
9671,ZIONP,银行
9673,BRW,资产管理
9675,BBCP,工程与建筑
9687,TGS,石油与天然气
9688,FMS,医疗设施
9691,CGAU,黄金
9692,CEV,资产管理
9693,ASYS,半导体设备与材料
9694,AHG,医疗分销
9696,AFCG,房地产投资信托
9700,CRESY,企业集团
9701,BIO,医疗设备
9702,FFC,资产管理
9704,CRSR,计算机硬件
9706,NOM,资产管理
9707,ERJ,航空航天与国防
9710,NQP,资产管理
9717,HOOK,生物技术
9723,WDAY,软件
9725,MCN,资产管理
9727,LUV,航空公司
9732,ACGLN,保险
9734,AUNA,医疗设施
9735,CXH,资产管理
9737,ARBE,软件
9739,INKT,生物技术
9740,BPYPN,房地产
9743,GOF,资产管理
9744,JKS,太阳能
9747,ESGRP,保险
9752,RDWR,软件
9755,OKUR,生物技术
9758,TEO,电信服务
9764,VMO,资产管理
9766,FSCO,资产管理
9768,RELX,专业商业服务
9769,REGCP,房地产投资信托
9773,ABEV,啤酒饮料
9779,BNY,资产管理
9780,PKX,钢铁
9781,VUZI,消费电子
9782,MHN,资产管理
9784,LAR,工业金属与采矿
9786,PYN,资产管理
9787,SHOTW,非酒精饮料
9788,FLGT,诊断与研究
9789,TCOM,旅行服务
9791,SCKT,计算机硬件
9795,HOFV,娱乐
9797,JEQ,资产管理
9806,BZ,互联网内容与信息
9809,ADN,电气设备与零件
9810,BFZ,资产管理
9811,MBINM,银行
9813,MYN,资产管理
9814,WPM,黄金
9815,AXR,房地产
9816,NTRSO,资产管理
9825,DLPN,广告代理
9832,DRD,黄金
9834,GLDG,黄金
9836,PC,专业商业服务
9839,DALN,出版
9846,GLXG,人力资源与就业服务
9847,ALVO,药品制造商
9849,FTAIM,租赁与租赁服务
9853,TTWO,电子游戏与多媒体
9857,BWG,资产管理
9859,BUI,资产管理
9863,ISD,资产管理
9868,NRK,资产管理
9874,NHTC,互联网零售
9878,PT,信用服务
9883,SSRM,黄金
9884,SPRO,生物技术
9885,PNI,资产管理
9889,HBANP,银行
9892,FAX,资产管理
9893,IX,金融集团
9894,HBANL,银行
9896,QMMM,广告代理
9900,RPT,房地产投资信托
9904,SNDA,医疗设施
9905,EUDA,健康信息服务
9909,SDHC,房地产
9912,OSPN,软件
9915,ECOR,医疗设备
9916,TSBX,生物技术
9919,XRTX,生物技术
9924,BSBK,银行
9929,RDFN,房地产
9931,ANF,服装零售
9934,ITUB,银行
9935,BUJA,壳公司
9947,NGL,石油与天然气
9948,PTA,资产管理
9955,MSD,资产管理
9956,BSIIU,壳公司
9957,LEGN,生物技术
9961,EEA,资产管理
9964,XHG,保险
9966,IHRT,广播
9967,SWZ,资产管理
9972,ACGLO,保险
9976,ECVT,专业化学品
9977,ASM,贵金属与采矿
9978,AA,铝业
9983,MUC,资产管理
9985,MVT,资产管理
9986,YPF,石油与天然气
9988,IPW,互联网零售
9989,NLY,房地产投资信托
9990,VTN,资产管理
9993,ING,银行
9995,SVT,航空航天与国防
10001,GLMD,生物技术
10002,IBG,酒庄与酿酒厂
10004,CPBI,银行
10011,SWX,公用事业
10017,VKI,资产管理
10018,LVTX,生物技术
10020,FOLD,生物技术
10024,DRUG,生物技术
10026,GHI,抵押贷款金融
10031,GWRS,公用事业
10033,EOD,资产管理
10034,TX,钢铁
10035,CHKP,软件
10038,YRD,信用服务
10039,GRFS,药品制造商
10040,MFG,银行
10042,RDY,药品制造商
10043,ANRO,生物技术
10045,NKE,鞋类与配饰
10046,UUUU,铀
10047,RKT,抵押贷款金融
10052,ELMD,医疗设备
10054,NMCO,资产管理
10067,GPRK,石油与天然气
10068,NMG,工业金属与采矿
10070,CEAD,农用与重型建筑机械
10073,SPRB,生物技术
10074,BNR,诊断与研究
10075,ADUR,污染与处理控制
10086,LEXX,生物技术
10090,ORGN,化学品
10094,CDIO,生物技术
10099,GNSS,科学与技术仪器
10101,CCOI,电信服务
10103,EPIX,生物技术
10104,OLB,软件
10106,FGBI,银行
10107,SMFG,银行
10114,CGO,资产管理
10118,MED,个人服务
10119,PHG,医疗设备
10121,ADIL,生物技术
10129,OPTX,电子元件
10131,SQNS,半导体
10136,PFE,药品制造商
10137,VTMX,房地产
10139,NYMT,房地产投资信托
10142,AES,公用事业
10149,QH,软件
10152,ATAT,住宿
10154,CNDT,信息技术服务
10156,NVNO,医疗设备
10163,IFS,银行
10164,MSN,消费电子
10168,XPEV,汽车制造
10169,SRDX,医疗设备
10174,RZLV,软件
10176,NZF,资产管理
10177,ARBB,信息技术服务
10181,AMBO,教育与培训服务
10182,NUVL,生物技术
10183,BWEN,专业工业机械
10184,FORTY,信息技术服务
10185,AGI,黄金
10187,HASI,资产管理
10188,RDIB,娱乐
10190,SVV,专业零售
10191,FSFG,银行
10192,LFT,房地产投资信托
10197,RNW,公用事业
10198,CLMB,电子与计算机分销
10201,BRFS,包装食品
10203,AIRTP,企业集团
10205,TEI,资产管理
10206,THRY,互联网内容与信息
10208,GGT,资产管理
10209,CION,资产管理
10210,VFF,农产品
10215,KEQU,家装
10216,PBHC,银行
10217,ZK,汽车制造
10218,SKGRW,壳公司
10219,FCNCO,银行
10222,QVCGP,互联网零售
10223,BBLG,医疗设备
10227,PSNYW,汽车制造
10228,WPP,广告代理
10229,CLEU,教育与培训服务
10230,IDN,软件
10238,GIFI,金属加工
10239,ARQQW,软件
10240,SGML,工业金属与采矿
10241,WHWK,生物技术
10242,AKBA,药品制造商
10245,ABTS,资本市场
10247,SWTX,生物技术
10248,POLA,电气设备与零件
10251,BVN,贵金属与采矿
10252,WKEY,半导体
10253,DXST,废物管理
10254,SHIP,海运
10256,PLUR,生物技术
10258,HIHO,金属加工
10259,HALO,生物技术
10261,TXO,石油与天然气
10263,SKE,工业金属与采矿
10264,ADTX,生物技术
10267,DXR,医疗仪器与用品
10268,REGCO,房地产投资信托
10269,SGU,石油与天然气
10270,GEVO,专业化学品
10272,SA,黄金
10273,UROY,铀
10274,NG,黄金
10275,BBAR,银行
10277,MMLP,石油与天然气
10279,FITBO,银行
10280,FNV,黄金
10282,MGIC,信息技术服务
10285,BHM,房地产投资信托
10286,KPRX,生物技术
10287,IMVT,生物技术
10290,REFR,电子元件
10292,RYDE,软件
10294,SCOR,互联网内容与信息
10295,MIRM,生物技术
10297,NEN,房地产
10298,EOSE,电气设备与零件
10299,OMCC,信用服务
10300,SBET,博彩
10301,SINT,医疗设备
10302,CRESW,企业集团
10305,SNGX,生物技术
10306,FAT,餐厅
10307,GROW,资产管理
10309,PED,石油与天然气
10311,SNY,药品制造商
10313,PTCT,生物技术
10314,AGNC,房地产投资信托
10316,CULP,纺织制造
10317,COOK,家装
10318,DQ,半导体设备与材料
10319,BCV,资产管理
10322,EDF,资产管理
10323,TXG,健康信息服务
10324,RMCO,资产管理
10326,STKL,非酒精饮料
10328,DX,房地产投资信托
10330,DUOT,软件
10331,RDHL,药品制造商
10334,ONCY,生物技术
10335,UFG,海运
10339,CJET,汽车制造
10340,POWWP,航空航天与国防
10342,NRXS,生物技术
10343,HLVX,生物技术
10345,KLTO,生物技术
10346,BURU,专业工业机械
10347,HMC,汽车制造
10349,BWAY,医疗设备
10351,OCCI,资产管理
10352,CARV,银行
10353,ENFY,农业投入品
10355,OZKAP,银行
10356,VREX,医疗设备
10357,OGI,药品制造商
10359,SNCR,软件
10361,SNBR,家装
10362,ABL,保险
10363,IXHL,药品制造商
10364,WETH,房地产
10365,NRSNW,生物技术
10366,MUFG,银行
10368,HOTH,生物技术
10370,CRL,诊断与研究
10372,PETZ,餐厅
10374,KALA,生物技术
10375,RPTX,生物技术
10376,IMPP,石油与天然气
10377,GLOB,信息技术服务
10379,BCTX,生物技术
10380,CTHR,奢侈品
10381,GES,服装零售
10382,ORC,房地产投资信托
10383,LSPD,软件
10384,GGAL,银行
10385,ORA,公用事业
10386,NPB,银行
10387,MTA,贵金属与采矿
10388,SOHO,房地产投资信托
10389,WATT,科学与技术仪器
10390,ESLA,生物技术
10391,CNFR,保险
10392,TIGR,资本市场
10393,MITK,软件
10394,CNNE,餐厅
10395,VG,石油与天然气
10396,RVYL,软件
10397,LUNG,医疗设备
10398,KAPA,生物技术
10399,LTM,航空公司
10400,LZ,专业商业服务
10402,JL,服装制造
10403,TENX,生物技术
10405,TWG,食品分销
10407,PTIX,生物技术
10408,AMRK,资本市场
10409,TYGO,太阳能
10410,AVXL,生物技术
10411,FVNNU,壳公司
10413,AVTX,生物技术
10414,TRVI,生物技术
10416,BMA,银行
10418,LSE,石油与天然气
10419,KIDS,医疗设备
10421,HBANM,银行
10422,RDI,娱乐
10423,LSB,生物技术
10425,PULM,生物技术
10426,CEPU,公用事业
10427,YI,医疗分销
10429,NSPR,医疗设备
10430,CINT,软件
10431,ARVN,生物技术
10432,OGEN,生物技术
10433,ATXS,生物技术
10434,CREVW,汽车零部件
10435,GITS,互联网内容与信息
10437,IBIO,生物技术
10439,HOFT,家装
10440,BPYPO,房地产
10441,VLN,半导体
10442,SNDX,生物技术
10444,LDI,抵押贷款金融
10445,INLF,专业工业机械
10449,FL,服装零售
10450,BRAG,博彩
10451,EWTX,生物技术
10453,TTEC,信息技术服务
10454,FLNC,公用事业
10455,NCL,家装
10456,ALTO,专业化学品
10458,EQX,黄金
10459,LOOP,专业化学品
10461,TOVX,生物技术
10462,CRMD,生物技术
10463,WHLRD,房地产投资信托
10465,PMEC,专业商业服务
10466,MEOH,化学品
10467,MHUA,医疗仪器与用品
10469,FOSL,鞋类与配饰
10470,NITO,农业投入品
10471,GTN,广播
10472,PPTA,贵金属与采矿
10473,HWBK,银行
10474,INSM,生物技术
10475,USAU,黄金
10476,LFST,医疗设施
10477,HYFM,农用与重型建筑机械
10478,ALB,专业化学品
10479,NAII,包装食品
10481,GLBS,海运
10482,SLXN,生物技术
10484,ATLN,诊断与研究
10486,BTG,黄金
10487,AIFF,软件
10488,MODV,医疗设施
10489,NVO,药品制造商
10490,SQM,专业化学品
10491,CHPT,专业零售
10492,CCO,广告代理
10493,KEN,公用事业
10494,DC,黄金
10496,PAM,公用事业
10497,LRMR,生物技术
10499,EPWK,软件
10502,UNCY,生物技术
10504,MSS,杂货店
10505,TC,广告代理
10506,OVBC,银行
10507,RBLX,电子游戏与多媒体
10508,CSPI,信息技术服务
10509,JCSE,专业工业机械
10510,BRID,包装食品
10511,PROF,医疗设备
10512,NVA,工业金属与采矿
10513,DAVA,软件
10514,CYBR,软件
10517,AYTU,药品制造商
10518,LGL,科学与技术仪器
10520,CLF,钢铁
10521,JTAI,软件
10522,BCLI,生物技术
10523,EVLVW,安全与保护服务
10524,AXIL,消费电子
10525,HSDT,医疗设备
10526,LTRY,博彩
10528,AAME,保险
10529,MIND,科学与技术仪器
10530,BHFAN,保险
10531,CRML,工业金属与采矿
10533,ACONW,健康信息服务
10534,STEM,公用事业
10535,BJDX,医疗设备
10536,AGRI,农产品
10537,DVAX,药品制造商
10538,GENK,餐厅
10539,ESLT,航空航天与国防
10541,BTAI,生物技术
10542,BAP,银行
10544,SLP,健康信息服务
10545,WAVE,公用事业
10546,PRPL,家装
10547,NOVA,太阳能
10548,GAME,电子游戏与多媒体
10549,PTGX,生物技术
10550,CCTG,电气设备与零件
10552,AQMS,废物管理
10553,XIFR,公用事业
10554,AERT,咨询服务
10555,MGRM,医疗设备
10556,IMRX,生物技术
10557,SHOT,非酒精饮料
10558,ARR,房地产投资信托
10559,UPLD,软件
10560,BYND,包装食品
10561,JOB,人力资源与就业服务
10562,NEHCW,石油与天然气
10563,UCAR,汽车与卡车经销
10564,CDLR,工程与建筑
10565,VRNA,生物技术
10566,BCDA,生物技术
10567,LAC,工业金属与采矿
10568,XPOF,休闲
10569,DSS,包装与容器
10570,MNKD,生物技术
10571,GHLD,抵押贷款金融
10572,AMTX,石油与天然气
10573,MAXN,太阳能
10574,PLG,贵金属与采矿
10575,AIRI,航空航天与国防
10576,GREE,资本市场
10577,ACCS,广告代理
10579,IAUX,黄金
10581,WAI,资本市场
10583,OMEX,工业金属与采矿
10584,BATL,石油与天然气
10585,IMTX,生物技术
10586,INTC,半导体
10587,NXL,医疗设备
10588,OUSTZ,电子元件
10589,NAAS,专业零售
10590,LPTH,电子元件
10591,ODV,黄金
10592,BLND,软件
10593,INO,生物技术
10594,SUPV,银行
10595,PGYWW,软件
10596,LRHC,房地产
10597,BLIN,软件
10598,VTAK,医疗设备
10599,XNET,软件
10600,VCIG,咨询服务
10601,RLYB,生物技术
10602,AMRC,工程与建筑
10603,BCG,资产管理
10604,SNOA,药品制造商
10605,SCNX,药品零售商
10606,CLGN,生物技术
10607,ABVX,生物技术
10608,BEPC,公用事业
10609,CTNT,汽车与卡车经销
10610,SOHOO,房地产投资信托
10612,VXRT,生物技术
10613,IINN,医疗设备
10614,ENTX,生物技术
10615,BEP,公用事业
10616,CMTG,房地产投资信托
10617,EXK,白银
10618,SCYX,药品制造商
10619,LOMA,建筑材料
10620,CLDI,生物技术
10621,ONVO,生物技术
10622,WK,软件
10623,NEWP,贵金属与采矿
10624,HKD,软件
10625,SUUN,公用事业
10627,ANY,资本市场
10628,BE,电气设备与零件
10629,MBI,保险
10630,ARGX,生物技术
10631,FCNCP,银行
10632,AUST,黄金
10633,NVTS,半导体
10634,DYAI,生物技术
10635,LOGC,互联网零售
10636,RKDA,包装食品
10637,HUIZ,保险
10638,PLBY,休闲
10639,FBRX,生物技术
10640,DLTH,服装零售
10641,ENLV,生物技术
10642,URG,铀
10643,MAPS,软件
10644,FNGR,电信服务
10645,GBIO,生物技术
10647,CNTB,生物技术
10648,COOT,包装食品
10649,CHRO,生物技术
10651,SCCO,铜业
10652,VRPX,生物技术
10653,ELTX,生物技术
10654,CARM,生物技术
10655,MLYS,生物技术
10656,AMPG,通信设备
10657,XPON,电气设备与零件
10658,ATOS,生物技术
10659,ISPO,旅行服务
10660,DVLT,软件
10661,MDXH,诊断与研究
10662,SUP,汽车零部件
10664,BYSI,生物技术
10665,SNSE,生物技术
10666,NIO,汽车制造
10667,GPRO,消费电子
10668,FSLR,太阳能
10669,BLDP,专业工业机械
10670,ALLK,生物技术
10671,AMOD,软件
10672,HEPA,生物技术
10673,INAB,生物技术
10674,SANG,软件
10675,FOXO,健康信息服务
10676,CRMLW,工业金属与采矿
10677,RITR,工程与建筑
10679,BEEM,太阳能
10681,TLSA,生物技术
10683,DOGZ,休闲
10684,BTOC,综合货运与物流
10685,WGS,诊断与研究
10686,PMVP,生物技术
10687,WILC,食品分销
10688,AGH,休闲
10689,SPRC,生物技术
10691,ARQ,污染与处理控制
10692,BHFAO,保险
10693,SMXT,太阳能
10694,NTIP,专业商业服务
10695,NKTR,生物技术
10696,ELVA,电气设备与零件
10697,RMNI,软件
10698,MSGM,电子游戏与多媒体
10699,PPBT,生物技术
10700,ORIS,包装食品
10701,GCL,电子游戏与多媒体
10702,AKRO,生物技术
10703,GRYP,资本市场
10704,KIRK,家居改善零售
10705,OXBR,保险
10706,MYND,教育与培训服务
10707,SOAR,机场与航空服务
10708,MBOT,医疗仪器与用品
10709,CRIS,生物技术
10710,XCH,专业工业机械
10711,PERF,软件
10712,TLS,软件
10713,MTEX,食品分销
10714,MFH,信息技术服务
10715,PMCB,生物技术
10716,FUFUW,资本市场
10717,BNTC,生物技术
10718,AEMD,医疗设备
10719,ZIMV,医疗设备
10720,MCHX,广告代理
10721,SSSS,资产管理
10722,EPRX,生物技术
10723,TRAW,生物技术
10724,CHR,广告代理
10725,PGHL,工程与建筑
10726,GCTK,医疗仪器与用品
10727,HOWL,生物技术
10728,PCVX,生物技术
10729,RACE,汽车制造
10730,TGTX,生物技术
10731,PPSI,电气设备与零件
10732,ABAT,工业金属与采矿
10733,APLT,生物技术
10734,AVGO,半导体
10735,GDEV,电子游戏与多媒体
10736,YJ,互联网零售
10737,ADD,娱乐
10738,BETR,抵押贷款金融
10739,PTHL,医疗设备
10742,MDAI,医疗设备
10743,TRIB,医疗设备
10744,SPIR,专业商业服务
10745,SOBR,科学与技术仪器
10746,ENGNW,生物技术
10747,BOLD,生物技术
10748,FEMY,医疗仪器与用品
10749,TCRT,生物技术
10751,DDC,包装食品
10752,SPPL,专业工业机械
10754,RMCOW,资产管理
10755,TOON,娱乐
10756,SHLT,健康信息服务
10757,TELO,生物技术
10758,GGR,汽车制造
10759,DDI,电子游戏与多媒体
10760,BLRX,生物技术
10762,ELUT,医疗设备
10763,INBS,医疗设备
10764,CNVS,娱乐
10766,QTRX,医疗设备
10768,UBX,生物技术
10770,ISPC,诊断与研究
10772,FLD,资本市场
10773,GAIA,娱乐
10774,PMAX,专业商业服务
10775,LUMN,电信服务
10776,GLYC,生物技术
10777,ALXO,生物技术
10778,HUHU,专业工业机械
10779,PCLA,电信服务
10780,EYEN,生物技术
10781,SKYQ,石油与天然气
10782,AVR,医疗仪器与用品
10783,LANV,奢侈品
10784,MYGN,诊断与研究
10785,RUN,太阳能
10786,VERI,软件
10787,FLX,综合货运与物流
10789,CABA,生物技术
10790,LBGJ,专业工业机械
10791,FBLG,生物技术
10792,CETY,专业工业机械
10793,ENGN,生物技术
10794,OSS,计算机硬件
10795,RZLT,生物技术
10796,SABS,生物技术
10798,FGI,家装
10799,PRQR,生物技术
10800,FNKO,休闲
10801,LDTC,软件
10802,YGMZ,卡车运输
10803,ITRM,生物技术
10804,RVSN,铁路
10805,WGRX,药品零售商
10806,MIRA,药品制造商
10807,KMTS,医疗仪器与用品
10808,CDLX,广告代理
10809,FLYX,航空公司
10810,RETO,建筑材料
10811,AIM,生物技术
10812,EU,铀
10813,CHRS,生物技术
10814,AKYA,医疗仪器与用品
10815,MGNI,广告代理
10816,GRCE,生物技术
10818,GNLX,生物技术
10819,INV,资产管理
10820,DWSN,石油与天然气
10821,NMTC,医疗设备
10822,PSIX,专业工业机械
10823,GVH,综合货运与物流
10824,BDTX,生物技术
10825,RFIL,电气设备与零件
10826,MSPR,健康信息服务
10827,FRD,钢铁
10828,EBS,药品制造商
10829,PDSB,生物技术
10830,INUV,软件
10831,CRDL,药品制造商
10832,AFMD,生物技术
10833,TNGX,生物技术
10834,KITT,航空航天与国防
10835,SOWG,包装食品
10836,ATNF,生物技术
10838,ERNA,生物技术
10841,GBR,房地产
10842,BDRX,生物技术
10843,MNTSW,航空航天与国防
10844,SWAG,广告代理
10845,ALOT,计算机硬件
10846,BMEA,生物技术
10847,CSAI,软件
10848,CSTE,建筑产品与设备
10850,WHLR,房地产投资信托
10851,XNCR,生物技术
10852,ATCH,软件
10853,PASG,生物技术
10854,ITP,纸与纸制品
10855,RPRX,生物技术
10856,SPCE,航空航天与国防
10857,RNAC,生物技术
10858,RDZN,软件
10859,MTC,软件
10860,SVCO,软件
10861,TIVC,医疗设备
10862,RAYA,电气设备与零件
10863,BDSX,诊断与研究
10864,FRGT,软件
10865,STIM,诊断与研究
10866,SEATW,互联网内容与信息
10867,MYPSW,电子游戏与多媒体
10868,FOXX,消费电子
10869,IVVD,生物技术
10871,VRCA,生物技术
10872,MCRP,软件
10873,VHC,软件
10874,VNRX,医疗设备
10875,SMX,专业商业服务
10877,TISI,专业商业服务
10878,LUCY,医疗仪器与用品
10879,NRGV,公用事业
10880,MBRX,生物技术
10881,OMER,生物技术
10883,ELEV,生物技术
10884,ARRY,太阳能
10885,ASTLW,钢铁
10886,NFGC,黄金
10887,SKK,工程与建筑
10888,TMC,工业金属与采矿
10889,SRZN,生物技术
10890,SISI,农产品
10891,MLSS,医疗仪器与用品
10893,HCWC,包装食品
10894,GYRE,生物技术
10895,SHFS,银行
10896,UCL,电信服务
10898,KNW,科学与技术仪器
10899,ZSPC,计算机硬件
10900,PTN,生物技术
10901,BIAFW,诊断与研究
10902,HMR,海运
10903,LODE,贵金属与采矿
10904,OPTT,专业工业机械
10905,DFLI,电气设备与零件
10907,UPXI,互联网内容与信息
10908,JVA,包装食品
10909,GOSS,生物技术
10910,OTLK,生物技术
10911,VRAR,软件
10912,SAVA,生物技术
10913,AIRE,房地产
10914,ECDA,汽车制造
10916,ADAP,生物技术
10917,CATX,医疗设备
10918,IPHA,生物技术
10919,ESGLW,废物管理
10920,SVRE,科学与技术仪器
10921,GWAV,废物管理
10922,EOSEW,电气设备与零件
10923,SGLY,综合货运与物流
10924,ZONE,污染与处理控制
10925,CRBU,生物技术
10926,SLN,生物技术
10927,GANX,生物技术
10928,EVTL,航空航天与国防
10929,PXLW,半导体
10930,CYCU,信息技术服务
10931,NCEW,综合货运与物流
10932,CNTX,生物技术
10933,PDYNW,软件
10934,PEV,汽车制造
10935,PYXS,生物技术
10936,RGC,药品制造商
10938,ARTV,生物技术
10939,SAG,汽车零部件
10940,IRD,生物技术
10941,AENT,娱乐
10942,SMCI,计算机硬件
10944,TRVG,互联网内容与信息
10945,RVSNW,铁路
10946,YYGH,个人服务
10947,MSW,工程与建筑
10948,STKH,包装食品
10949,AUID,软件
10951,ONFOW,互联网内容与信息
10952,CURI,广播
10953,ANTE,广告代理
10954,NUKK,软件
10956,GDC,电子游戏与多媒体
10957,AXDX,医疗设备
10958,MURA,生物技术
10961,TTNP,生物技术
10962,ILLR,软件
10963,RSLS,医疗设备
10964,KBSX,钢铁
10966,SLXNW,生物技术
10968,STAI,建筑产品与设备
10969,SVIIW,壳公司
10971,USARW,工业金属与采矿
10972,AIMDW,医疗设备
10973,BHAT,电子游戏与多媒体
10975,APLM,生物技术
10976,ZURA,生物技术
10977,AENTW,娱乐
10978,SOPA,软件
10979,LITM,工业金属与采矿
10980,EONR,石油与天然气
10981,AKTX,生物技术
10982,LOBO,汽车制造
10984,DEVS,污染与处理控制
10985,NAOV,医疗设备
10986,DMAC,生物技术
10987,IVDA,安全与保护服务
10988,BNZIW,软件
10990,CASI,生物技术
10991,BZAIW,软件
10992,FTEL,专业零售
10994,IH,教育与培训服务
10995,DHAIW,医疗设备
10996,UGRO,农用与重型建筑机械
10997,GRI,生物技术
10998,INDP,生物技术
10999,NIXX,人力资源与就业服务
11000,BZAI,软件
11001,KITTW,航空航天与国防
11003,SAIHW,信息技术服务
11004,LAZR,汽车零部件
11006,KLTOW,生物技术
11007,RNWWW,公用事业
11008,NEHC,石油与天然气
11009,GORV,汽车与卡车经销
11010,MGNX,生物技术
11011,CRVO,生物技术
11013,CRGOW,综合货运与物流
11014,HUSA,石油与天然气
11015,CNSP,生物技术
11017,BBNX,医疗设备
11018,BALY,度假村与赌场
11020,VSSYW,软件
11021,APVO,生物技术
11022,SYTAW,通信设备
11023,SPKLW,壳公司
11024,USAR,工业金属与采矿
11025,INVZW,汽车零部件
11026,CRVS,生物技术
11027,RNAZ,生物技术
11028,MLEC,生物技术
11031,AURA,生物技术
11032,BAERW,安全与保护服务
11033,ZCARW,租赁与租赁服务
11034,MULN,汽车制造
11035,NVAWW,工业金属与采矿
11036,SFHG,专业商业服务
11039,STSSW,医疗仪器与用品
11040,ME,诊断与研究
11041,SMXWW,专业商业服务
11043,ARBEW,软件
11044,NYXH,医疗仪器与用品
11047,WTO,消费电子
11048,ICG,半导体
11049,WGSWW,诊断与研究
11050,WLGS,工程与建筑
11051,AIRJ,建筑产品与设备
11052,AIRJW,建筑产品与设备
11053,HYMCW,黄金
11054,SWAGW,广告代理
11055,HUMA,生物技术
11057,SONDW,住宿
11058,IBO,生物技术
11059,ECDAW,汽车制造
11060,TNON,医疗设备
11062,BFRIW,药品制造商
11063,BTCTW,计算机硬件
11064,NIXXW,人力资源与就业服务
11065,HUMAW,生物技术
11067,LGPS,企业集团
11068,MLECW,生物技术
10780,JUNE,工程与建筑
10781,XBP,软件
10782,REX,化学品
10785,GURE,化学品
10786,BOLT,生物技术
10787,GELS,药品制造商
10788,LOCL,农产品
10789,NRXP,生物技术
10790,EXC,公用事业
10791,GMAB,生物技术
10792,SSY,药品零售商
10793,MGLD,资产管理
10794,MNSO,专业零售
10796,GT,汽车零部件
10797,CENTA,包装食品
10798,VLO,石油与天然气
10801,NWE,公用事业
10802,HOG,休闲车辆
10803,L,保险
10804,HNVR,银行
10805,NNN,房地产投资信托
10809,OGE,公用事业
10811,EPD,石油与天然气
10812,RILYP,金融集团
10813,FLWS,专业零售
10814,MMS,专业商业服务
10815,JOUT,休闲
10816,AMLX,生物技术
10817,SCVL,服装零售
10818,DOW,化学品
10819,FCN,咨询服务
10820,UGI,公用事业
10822,ALLE,安全与保护服务
10824,OVV,石油与天然气
10825,BHP,工业金属与采矿
10826,HESM,石油与天然气
10828,GNW,保险
10831,INVA,生物技术
10833,ISTR,银行
10834,APLS,生物技术
10847,CWBC,银行
10848,RCKY,鞋类与配饰
10852,BUSE,银行
10855,AGNCO,房地产投资信托
10863,MBINL,银行
10865,GOLD,黄金
10866,GDRX,健康信息服务
10874,RXO,卡车运输
10879,EHAB,医疗设施
10880,BHV,资产管理
10881,BCTXW,生物技术
10885,CHSCN,农产品
10886,SLG,房地产投资信托
10894,WEA,资产管理
10895,PLMR,保险
10896,INSE,博彩
10899,PFS,银行
10907,BCSF,资产管理
10909,CSL,建筑产品与设备
10911,EVF,资产管理
10914,ALSN,汽车零部件
10917,NMZ,资产管理
10922,IIM,资产管理
10924,EGHT,软件
10930,EAD,资产管理
10931,CLAR,休闲
10932,CISO,软件
10933,RPAY,软件
10934,EMBC,医疗仪器与用品
10936,TVTX,生物技术
10938,KRNY,银行
10939,PRO,软件
10946,BELFA,电子元件
10948,SNWV,医疗设备
10950,SASR,银行
10952,CGBS,石油与天然气
10953,PX,资产管理
10954,COCH,医疗设备
10957,ASAN,软件
10963,AMS,医疗设施
10965,NABL,信息技术服务
10971,BBVA,银行
10976,UDMY,教育与培训服务
10978,PAL,综合货运与物流
10980,FLS,专业工业机械
10982,CAF,资产管理
10983,NTNX,软件
10984,APO,资产管理
10985,AMZN,互联网零售
10988,BTU,热煤
10989,META,互联网内容与信息
10990,RUM,互联网内容与信息
10991,EFXT,石油与天然气
10994,ESE,科学与技术仪器
10998,CRBP,生物技术
11000,NUVB,生物技术
11005,XLO,生物技术
11007,SPT,软件
11009,PBYI,生物技术
11014,BWIN,保险
11015,UBXG,软件
11019,SSKN,医疗设备
11021,DRRX,药品制造商
11023,USAS,工业金属与采矿
11026,PWR,工程与建筑
11032,SION,生物技术
11034,NOAH,资产管理
11050,DTIL,生物技术
11051,PHGE,生物技术
11064,MDAIW,医疗设备
